Workbook

Sheet MAPA_OBRA_707
A1: Artº | B1: Designação de Trabalhos | C1: Un. | D1: Quant.
A2: 4.1 | B2: Betão de Limpeza / Cleaning concrete
A3: 4.1.1 | B3: Fornecimento e aplicação de betão de limpeza do tipo C16/20 X0 numa espessura de 0,10 m. | C3: m3 | D3: 172.56
A4: 4.2 | B4: Fundações / Foundations
A5: 4.2.1 | B5: Fornecimento e colocação de betão armado C30/37 XC2 0,40 Dmáx 22 S3 , em sapatas de muros e paredes, incluindo o fornecimento, aplicação e desmontagem de cofragem e o fornecimento, moldagem e aplicação de aço A500NR. Todos os trabalhos deverão ser executados de acordo com as peças desenhadas:
A6: 4.2.1.1 | B6: Sapatas Isoladas / Isolated Foundations (90 kg/m3)
B7: Betão - Aplicação e Vibração | C7: m3 | D7: 163.87
B8: Cofragem - Fornecimento e aplicação | C8: m2 | D8: 409.68
B9: Aço - Moldagem, Corte e Aplicação | C9: kg | D9: 16960.55
A10: 4.2.1.2 | B10: Sapatas Contínuas / Continuous Foundations (110 kg/m3)
B11: Betão - Aplicação e Vibração | C11: m3 | D11: 155.53
B12: Cofragem - Fornecimento e aplicação | C12: m2 | D12: 388.83
B13: Aço - Moldagem, Corte e Aplicação | C13: kg | D13: 19674.67
A14: 4.2.1.3 | B14: Vigas de Fundação / Beams of Foundations (115 kg/m3)
B15: Betão - Aplicação e Vibração | C15: m3 | D15: 61.44
B16: Cofragem - Fornecimento e aplicação | C16: m2 | D16: 688.74
B17: Aço - Moldagem, Corte e Aplicação | C17: kg | D17: 8125.44
A18: 4.3 | B18: Superestrutura / Superstructure
A19: 4.3.1 | B19: Fornecimento e colocação de betão armado C30/37 XC1 Cl 0,20 Dmáx 20 S3 , em Muros, pilares, paredes, vigas e lajes, incluindo o fornecimento, aplicação e desmontagem de cofragem e o fornecimento, moldagem e aplicação de aço A500NR com a referida taxa de armaduras. Todos os trabalhos deverão ser executados de acordo com as peças desenhadas:
A20: 4.3.1.1 | B20: Muros Enterrados / Buried Walls (115 kg/m3)
B21: Betão - Aplicação e Vibração | C21: m3 | D21: 357.21
B22: Cofragem - Fornecimento e aplicação | C22: m2 | D22: 3597.09
B23: Aço - Moldagem, Corte e Aplicação | C23: kg | D23: 53583.49
A24: 4.3.1.2 | B24: Pilares / Columns (290 kg/m3)
B25: Betão - Aplicação e Vibração | C25: m3 | D25: 175.75
B26: Cofragem - Fornecimento e aplicação | C26: m2 | D26: 1933.25
B27: Aço - Moldagem, Corte e Aplicação | C27: kg | D27: 58612.63
A28: 4.3.1.3 | B28: Paredes / Walls (200 kg/m3)
B29: Betão - Aplicação e Vibração | C29: m3 | D29: 55.41
B30: Cofragem - Fornecimento e aplicação | C30: m2 | D30: 554.1
B31: Aço - Moldagem, Corte e Aplicação | C31: kg | D31: 12744.3
A32: 4.3.1.3 A | B32: Núcleos do Elevador / Elevator Shaft (200 kg/m3)
B33: Betão - Aplicação e Vibração | C33: m3 | D33: 168.52
B34: Cofragem - Fornecimento e aplicação | C34: m2 | D34: 1862.19
B35: Aço - Moldagem, Corte e Aplicação | C35: kg | D35: 38760.52
A36: 4.3.1.4 | B36: Vigas / Beams (150 kg/m3)
B37: Betão - Aplicação e Vibração | C37: m3 | D37: 384.7
B38: Cofragem - Fornecimento e aplicação | C38: m2 | D38: 3847
B39: Aço - Moldagem, Corte e Aplicação | C39: kg | D39: 66360.75
A40: 4.3.1.5 | B40: Lajes Maciças / Massive Slabs (120 kg/m3)
B41: Betão - Aplicação e Vibração | C41: m3 | D41: 145.35
B42: Cofragem - Fornecimento e aplicação | C42: m2 | D42: 726.75
B43: Aço - Moldagem, Corte e Aplicação | C43: kg | D43: 20058.3
A44: 4.3.1.6 | B44: Escadas / Stairs (80 kg/m3)
B45: Betão - Aplicação e Vibração | C45: m3 | D45: 60
B46: Cofragem - Fornecimento e aplicação | C46: m2 | D46: 600
B47: Aço - Moldagem, Corte e Aplicação | C47: kg | D47: 5520
A48: 4.3.1.7 | B48: Fornecimento e aplicação de lajes aligeiradas fabricadas com sistema Cobiax CBX S-120 da Ferca ou similar, composto por material reciclado tipo Cobiax Slim-Line módulos de iluminação em polipropileno com altura de 0,23m, preenchido com betão classe C30/37, fôrma , reforço de haste de aço A500NR (125 kg/m3)
B49: Betão - Aplicação e Vibração | C49: m3 | D49: 685.93
B50: Cofragem - Fornecimento e aplicação | C50: m2 | D50: 5900.33
B51: Aço - Moldagem, Corte e Aplicação | C51: kg | D51: 162796.88
B52: Aplicação Moldes CBX | C52: m2 | D52: 2723.06
A53: 4.3.2 | B53: Fornecimento e colocação de betão armado C30/37 XD2 Cl 0,20 Dmáx 20 S3 , em lajes e paredes da piscina, incluindo o fornecimento, aplicação e desmontagem de cofragem e o fornecimento, moldagem e aplicação de aço A500NR. Todos os trabalhos deverão ser executados de acordo com as peças desenhadas:
A54: 4.3.1 | B54: Laje de Fundo de Piscina do Piso 0 / Pool Bottom Slab of Leve 0
B55: Betão - Aplicação e Vibração | C55: m3 | D55: 187.85
B56: Cofragem - Fornecimento e aplicação | C56: m2 | D56: 469.62
B57: Aço - Moldagem, Corte e Aplicação | C57: kg | D57: 23762.77
A58: 4.3.2 | B58: Parede de Piscina do Piso 0 / Pool Walls at Level 0
B59: Betão - Aplicação e Vibração | C59: m3 | D59: 215.23
B60: Cofragem - Fornecimento e aplicação | C60: m2 | D60: 2152.3
B61: Aço - Moldagem, Corte e Aplicação | C61: kg | D61: 35956.43
A62: 4.3.3 | B62: Paredes da Piscina da Cobertura
B63: Betão - Aplicação e Vibração | C63: m3 | D63: 29.76
B64: Cofragem - Fornecimento e aplicação | C64: m2 | D64: 267.84
B65: Aço - Moldagem, Corte e Aplicação | C65: kg | D65: 4791.36
A66: 4.4 | B66: Pavimento Térreos / Ground Floors
A67: 4.4.1 | B67: Piso da Cave / Basement Level
A68: 4.4.1.1 | B68: Execução de piso térreo interior, composto por elementos em polipropileno tipo 'Ferca Cupolex ref. H20' ou equivalente, com dimensão de 580x580x200, com 0,05cm de lâmina de compressão em concreto classe C20/25, armado com A500 aço NR, incluindo acabamento jateado com o incorporação de um endurecedor de superfície de cor natural no betão
A69: 4.1.1.1 | B69: Betão de Limpeza / Cleaning concrete | C69: m3 | D69: 108.75
A70: 4.1.1.2 | B70: Cupolex 20 | C70: m2 | D70: 2175
A71: 4.1.1.3 | B71: Lâmina de compressão em betão C20/25 XC2 C0,40 D22 S3 | C71: m3 | D71: 108.75
A72: 4.1.1.4 | B72: Malhasol A500 AQ50 | C72: m2 | D72: 2175

Sheet PISOS
A1: CADASTRO DE PAVIMENTOS
A2: Nome do Piso | B2: Cota Inferior (m) | C2: Cota Superior (m) | D2: Altura do Trecho (m)
A3: Fund+Piso -1 | B3: -5.1 | C3: -1.2 | D3: =IF(COUNT(B3,C3)=2,C3-B3,"PENDENTE") -> 3.9
A4: Fundações | B4: -5.1 | C4: -4.7 | D4: =IF(COUNT(B4,C4)=2,C4-B4,"PENDENTE") -> 0.4 | E4: =IF(COUNT(C4,D4)=2,D4-C4,"PENDENTE") -> 5.1
A5: Piso -1 | B5: -4.7 | C5: -1.2 | D5: =IF(COUNT(B5,C5)=2,C5-B5,"PENDENTE") -> 3.5 | E5: =IF(COUNT(C5,D5)=2,D5-C5,"PENDENTE") -> 4.7
A6: Piso 1 | B6: -1.43 | C6: 2.5 | D6: =IF(COUNT(B6,C6)=2,C6-B6,"PENDENTE") -> 3.93 | E6: =IF(COUNT(C6,D6)=2,D6-C6,"PENDENTE") -> 1.43
A7: Cobertura | D7: =IF(COUNT(B7,C7)=2,C7-B7,"PENDENTE") -> PENDENTE | E7: =IF(COUNT(C7,D7)=2,D7-C7,"PENDENTE") -> PENDENTE
A9: O desenho 05 não fornece cotas de pisos. Introduzir cotas confirmadas nos cortes do projeto. H=3,90 m foi mantida apenas no P8-P1.

Sheet PILARES (G)
A1: LEVANTAMENTO DE AÇO — PILARES
A2: Azul=entrada | Bege=transpasse | Verde=calculado | Laranja=ferro total | Roxo=betão | Amarelo=cofragem
A4: GEOMETRIA / SEÇÃO | G4: TRANSPASSE / ARRANQUE | J4: ARM. LONGITUDINAL | P4: EST. TIPO 1 | S4: EST. TIPO 2 | V4: EST. TIPO 3 | Y4: AUX | AA4: COMP./PESO LONGIT. | AG4: PESO ESTRIBOS | AP4: FERRO | AQ4: BETÃO | AR4: COFRAG.
A5: Pilar | B5: Piso | C5: Altura (m) | D5: b (cm) | E5: h (cm) | F5: Cobr. (cm) | G5: Coef. Transp. (×Ø) | H5: Arranque Inf. (m) | I5: Transp. Sup. (m) | J5: Qtd L1 | K5: Ø L1 (mm) | L5: Qtd L2 | M5: Ø L2 (mm) | N5: Qtd L3 | O5: Ø L3 (mm) | P5: Conj. E1 | Q5: Ø E1 (mm) | R5: Esp.E1 (m) | S5: Conj. E2 | T5: Ø E2 (mm) | U5: Esp.E2 (m) | V5: Conj. E3 | W5: Ø E3 (mm) | X5: Esp.E3 (m) | Y5: Transp. L2 (m) | Z5: Transp. L3 (m) | AA5: Comp. L1 (m) | AB5: Peso L1 (kg) | AC5: Comp. L2 (m) | AD5: Peso L2 (kg) | AE5: Comp. L3 (m) | AF5: Peso L3 (kg) | AG5: C.U. E1 (m) | AH5: Qtd E1 | AI5: Peso E1 (kg) | AJ5: C.U. E2 (m) | AK5: Qtd E2 | AL5: Peso E2 (kg) | AM5: C.U. E3 (m) | AN5: Qtd E3 | AO5: Peso E3 (kg) | AP5: PESO FERRO (kg) | AQ5: Volume Betão (m³) | AR5: Área Cofrag. (m²) | AS5: Observações
A6: P1 | B6: Fundações | C6: =IF(B6<>"",IFERROR(VLOOKUP(B6,PISOS!A:D,4,0),"PENDENTE"),"") -> 0.4 | D6: 30 | E6: 60 | F6: 3 | G6: 50 | H6: =IF(OR(A6="",K6=""),0,G6*K6/1000) -> 0.8 | I6: =IF(OR(A6="",K6="",NOT(ISNUMBER(C6))),0,IF((C6+H6)>12,G6*K6/1000,0)) -> 0 | J6: 6 | K6: 16 | L6: 10 | M6: 12 | P6: 1 | Q6: 8 | R6: 0.2 | S6: 1 | T6: 8 | U6: 0.2 | Y6: =IF(OR(A6="",M6="",NOT(ISNUMBER(C6))),0,IF((C6+H6)>12,G6*M6/1000,0)) -> 0 | Z6: =IF(OR(A6="",O6="",NOT(ISNUMBER(C6))),0,IF((C6+H6)>12,G6*O6/1000,0)) -> 0 | AA6: =IF(OR(A6="",NOT(ISNUMBER(C6))),"",C6+H6+I6) -> 1.2 | AB6: =IF(OR(A6="",AA6=""),0,IFERROR(J6*AA6*VLOOKUP(K6,'TABELA DE PESOS'!$A$2:$B$9,2,FALSE()),0)) -> 11.3616 | AC6: =IF(OR(A6="",NOT(ISNUMBER(C6))),"",C6+H6+Y6) -> 1.2 | AD6: =IF(OR(A6="",AC6=""),0,IFERROR(L6*AC6*VLOOKUP(M6,'TABELA DE PESOS'!$A$2:$B$9,2,FALSE()),0)) -> 10.656 | AE6: =IF(OR(A6="",NOT(ISNUMBER(C6))),"",C6+H6+Z6) -> 1.2 | AF6: =IF(OR(A6="",AE6=""),0,IFERROR(N6*AE6*VLOOKUP(O6,'TABELA DE PESOS'!$A$2:$B$9,2,FALSE()),0)) -> 0 | AG6: =IF(OR(A6="",P6="",NOT(ISNUMBER(C6))),0,P6*(INT(C6/R6)+1)) -> 3 | AH6: =IF(OR(A6="",P6=""),0,2*((D6-2*F6)+(E6-2*F6))/100+2*10*Q6/1000) -> 1.72 | AI6: =IF(OR(A6="",P6=""),0,IFERROR(AG6*AH6*VLOOKUP(Q6,'TABELA DE PESOS'!$A$2:$B$9,2,FALSE()),0)) -> 2.0382 | AJ6: =IF(OR(A6="",S6="",NOT(ISNUMBER(C6))),0,S6*(INT(C6/U6)+1)) -> 3 | AK6: =IF(OR(A6="",S6=""),0,2*((D6-2*F6)+(E6-2*F6))/100+2*10*T6/1000) -> 1.72 | AL6: =IF(OR(A6="",S6=""),0,IFERROR(AJ6*AK6*VLOOKUP(T6,'TABELA DE PESOS'!$A$2:$B$9,2,FALSE()),0)) -> 2.0382 | AM6: =IF(OR(A6="",V6="",NOT(ISNUMBER(C6))),0,V6*(INT(C6/X6)+1)) -> 0 | AN6: =IF(OR(A6="",V6=""),0,2*((D6-2*F6)+(E6-2*F6))/100+2*10*W6/1000) -> 0 | AO6: =IF(OR(A6="",V6=""),0,IFERROR(AM6*AN6*VLOOKUP(W6,'TABELA DE PESOS'!$A$2:$B$9,2,FALSE()),0)) -> 0 | AP6: =IF(A6="",0,AB6+AD6+AF6+AI6+AL6+AO6) -> 26.094 | AQ6: =IF(OR(A6="",NOT(ISNUMBER(C6))),0,(D6/100)*(E6/100)*C6) -> 0.072 | AR6: =IF(OR(A6="",NOT(ISNUMBER(C6))),0,2*(D6/100+E6/100)*C6) -> 0.72
A7: P1 | B7: Piso -1 | C7: =IF(B7<>"",IFERROR(VLOOKUP(B7,PISOS!A:D,4,0),"PENDENTE"),"") -> 3.5 | D7: 30 | E7: 60 | F7: 3 | G7: 50 | H7: =IF(OR(A7="",K7=""),0,G7*K7/1000) -> 0.8 | I7: =IF(OR(A7="",K7="",NOT(ISNUMBER(C7))),0,IF((C7+H7)>12,G7*K7/1000,0)) -> 0 | J7: 6 | K7: 16 | L7: 10 | M7: 12 | P7: 1 | Q7: 8 | R7: 0.2 | S7: 1 | T7: 8 | U7: 0.2 | Y7: =IF(OR(A7="",M7="",NOT(ISNUMBER(C7))),0,IF((C7+H7)>12,G7*M7/1000,0)) -> 0 | Z7: =IF(OR(A7="",O7="",NOT(ISNUMBER(C7))),0,IF((C7+H7)>12,G7*O7/1000,0)) -> 0 | AA7: =IF(OR(A7="",NOT(ISNUMBER(C7))),"",C7+H7+I7) -> 4.3 | AB7: =IF(OR(A7="",AA7=""),0,IFERROR(J7*AA7*VLOOKUP(K7,'TABELA DE PESOS'!$A$2:$B$9,2,FALSE()),0)) -> 40.7124 | AC7: =IF(OR(A7="",NOT(ISNUMBER(C7))),"",C7+H7+Y7) -> 4.3 | AD7: =IF(OR(A7="",AC7=""),0,IFERROR(L7*AC7*VLOOKUP(M7,'TABELA DE PESOS'!$A$2:$B$9,2,FALSE()),0)) -> 38.184 | AE7: =IF(OR(A7="",NOT(ISNUMBER(C7))),"",C7+H7+Z7) -> 4.3 | AF7: =IF(OR(A7="",AE7=""),0,IFERROR(N7*AE7*VLOOKUP(O7,'TABELA DE PESOS'!$A$2:$B$9,2,FALSE()),0)) -> 0 | AG7: =IF(OR(A7="",P7="",NOT(ISNUMBER(C7))),0,P7*(INT(C7/R7)+1)) -> 18 | AH7: =IF(OR(A7="",P7=""),0,2*((D7-2*F7)+(E7-2*F7))/100+2*10*Q7/1000) -> 1.72 | AI7: =IF(OR(A7="",P7=""),0,IFERROR(AG7*AH7*VLOOKUP(Q7,'TABELA DE PESOS'!$A$2:$B$9,2,FALSE()),0)) -> 12.2292 | AJ7: =IF(OR(A7="",S7="",NOT(ISNUMBER(C7))),0,S7*(INT(C7/U7)+1)) -> 18 | AK7: =IF(OR(A7="",S7=""),0,2*((D7-2*F7)+(E7-2*F7))/100+2*10*T7/1000) -> 1.72 | AL7: =IF(OR(A7="",S7=""),0,IFERROR(AJ7*AK7*VLOOKUP(T7,'TABELA DE PESOS'!$A$2:$B$9,2,FALSE()),0)) -> 12.2292 | AM7: =IF(OR(A7="",V7="",NOT(ISNUMBER(C7))),0,V7*(INT(C7/X7)+1)) -> 0 | AN7: =IF(OR(A7="",V7=""),0,2*((D7-2*F7)+(E7-2*F7))/100+2*10*W7/1000) -> 0 | AO7: =IF(OR(A7="",V7=""),0,IFERROR(AM7*AN7*VLOOKUP(W7,'TABELA DE PESOS'!$A$2:$B$9,2,FALSE()),0)) -> 0 | AP7: =IF(A7="",0,AB7+AD7+AF7+AI7+AL7+AO7) -> 103.3548 | AQ7: =IF(OR(A7="",NOT(ISNUMBER(C7))),0,(D7/100)*(E7/100)*C7) -> 0.63 | AR7: =IF(OR(A7="",NOT(ISNUMBER(C7))),0,2*(D7/100+E7/100)*C7) -> 6.3
A8: P2 | B8: Fundações | C8: =IF(B8<>"",IFERROR(VLOOKUP(B8,PISOS!A:D,4,0),"PENDENTE"),"") -> 0.4 | D8: 40 | E8: 70 | F8: 3 | G8: 50 | H8: =IF(OR(A8="",K8=""),0,G8*K8/1000) -> 0.8 | I8: =IF(OR(A8="",K8="",NOT(ISNUMBER(C8))),0,IF((C8+H8)>12,G8*K8/1000,0)) -> 0 | J8: 28 | K8: 16 | P8: 1 | Q8: 8 | R8: 0.2 | S8: 1 | T8: 8 | U8: 0.2 | Y8: =IF(OR(A8="",M8="",NOT(ISNUMBER(C8))),0,IF((C8+H8)>12,G8*M8/1000,0)) -> 0 | Z8: =IF(OR(A8="",O8="",NOT(ISNUMBER(C8))),0,IF((C8+H8)>12,G8*O8/1000,0)) -> 0 | AA8: =IF(OR(A8="",NOT(ISNUMBER(C8))),"",C8+H8+I8) -> 1.2 | AB8: =IF(OR(A8="",AA8=""),0,IFERROR(J8*AA8*VLOOKUP(K8,'TABELA DE PESOS'!$A$2:$B$9,2,FALSE()),0)) -> 53.0208 | AC8: =IF(OR(A8="",NOT(ISNUMBER(C8))),"",C8+H8+Y8) -> 1.2 | AD8: =IF(OR(A8="",AC8=""),0,IFERROR(L8*AC8*VLOOKUP(M8,'TABELA DE PESOS'!$A$2:$B$9,2,FALSE()),0)) -> 0 | AE8: =IF(OR(A8="",NOT(ISNUMBER(C8))),"",C8+H8+Z8) -> 1.2 | AF8: =IF(OR(A8="",AE8=""),0,IFERROR(N8*AE8*VLOOKUP(O8,'TABELA DE PESOS'!$A$2:$B$9,2,FALSE()),0)) -> 0 | AG8: =IF(OR(A8="",P8="",NOT(ISNUMBER(C8))),0,P8*(INT(C8/R8)+1)) -> 3 | AH8: =IF(OR(A8="",P8=""),0,2*((D8-2*F8)+(E8-2*F8))/100+2*10*Q8/1000) -> 2.12 | AI8: =IF(OR(A8="",P8=""),0,IFERROR(AG8*AH8*VLOOKUP(Q8,'TABELA DE PESOS'!$A$2:$B$9,2,FALSE()),0)) -> 2.5122 | AJ8: =IF(OR(A8="",S8="",NOT(ISNUMBER(C8))),0,S8*(INT(C8/U8)+1)) -> 3 | AK8: =IF(OR(A8="",S8=""),0,2*((D8-2*F8)+(E8-2*F8))/100+2*10*T8/1000) -> 2.12 | AL8: =IF(OR(A8="",S8=""),0,IFERROR(AJ8*AK8*VLOOKUP(T8,'TABELA DE PESOS'!$A$2:$B$9,2,FALSE()),0)) -> 2.5122 | AM8: =IF(OR(A8="",V8="",NOT(ISNUMBER(C8))),0,V8*(INT(C8/X8)+1)) -> 0 | AN8: =IF(OR(A8="",V8=""),0,2*((D8-2*F8)+(E8-2*F8))/100+2*10*W8/1000) -> 0 | AO8: =IF(OR(A8="",V8=""),0,IFERROR(AM8*AN8*VLOOKUP(W8,'TABELA DE PESOS'!$A$2:$B$9,2,FALSE()),0)) -> 0 | AP8: =IF(A8="",0,AB8+AD8+AF8+AI8+AL8+AO8) -> 58.0452 | AQ8: =IF(OR(A8="",NOT(ISNUMBER(C8))),0,(D8/100)*(E8/100)*C8) -> 0.112 | AR8: =IF(OR(A8="",NOT(ISNUMBER(C8))),0,2*(D8/100+E8/100)*C8) -> 0.88
A9: P2 | B9: Piso -1 | C9: =IF(B9<>"",IFERROR(VLOOKUP(B9,PISOS!A:D,4,0),"PENDENTE"),"") -> 3.5 | D9: 40 | E9: 70 | F9: 3 | G9: 50 | H9: =IF(OR(A9="",K9=""),0,G9*K9/1000) -> 0.8 | I9: =IF(OR(A9="",K9="",NOT(ISNUMBER(C9))),0,IF((C9+H9)>12,G9*K9/1000,0)) -> 0 | J9: 28 | K9: 16 | P9: 1 | Q9: 8 | R9: 0.2 | S9: 1 | T9: 8 | U9: 0.2 | Y9: =IF(OR(A9="",M9="",NOT(ISNUMBER(C9))),0,IF((C9+H9)>12,G9*M9/1000,0)) -> 0 | Z9: =IF(OR(A9="",O9="",NOT(ISNUMBER(C9))),0,IF((C9+H9)>12,G9*O9/1000,0)) -> 0 | AA9: =IF(OR(A9="",NOT(ISNUMBER(C9))),"",C9+H9+I9) -> 4.3 | AB9: =IF(OR(A9="",AA9=""),0,IFERROR(J9*AA9*VLOOKUP(K9,'TABELA DE PESOS'!$A$2:$B$9,2,FALSE()),0)) -> 189.9912 | AC9: =IF(OR(A9="",NOT(ISNUMBER(C9))),"",C9+H9+Y9) -> 4.3 | AD9: =IF(OR(A9="",AC9=""),0,IFERROR(L9*AC9*VLOOKUP(M9,'TABELA DE PESOS'!$A$2:$B$9,2,FALSE()),0)) -> 0 | AE9: =IF(OR(A9="",NOT(ISNUMBER(C9))),"",C9+H9+Z9) -> 4.3 | AF9: =IF(OR(A9="",AE9=""),0,IFERROR(N9*AE9*VLOOKUP(O9,'TABELA DE PESOS'!$A$2:$B$9,2,FALSE()),0)) -> 0 | AG9: =IF(OR(A9="",P9="",NOT(ISNUMBER(C9))),0,P9*(INT(C9/R9)+1)) -> 18 | AH9: =IF(OR(A9="",P9=""),0,2*((D9-2*F9)+(E9-2*F9))/100+2*10*Q9/1000) -> 2.12 | AI9: =IF(OR(A9="",P9=""),0,IFERROR(AG9*AH9*VLOOKUP(Q9,'TABELA DE PESOS'!$A$2:$B$9,2,FALSE()),0)) -> 15.0732 | AJ9: =IF(OR(A9="",S9="",NOT(ISNUMBER(C9))),0,S9*(INT(C9/U9)+1)) -> 18 | AK9: =IF(OR(A9="",S9=""),0,2*((D9-2*F9)+(E9-2*F9))/100+2*10*T9/1000) -> 2.12 | AL9: =IF(OR(A9="",S9=""),0,IFERROR(AJ9*AK9*VLOOKUP(T9,'TABELA DE PESOS'!$A$2:$B$9,2,FALSE()),0)) -> 15.0732 | AM9: =IF(OR(A9="",V9="",NOT(ISNUMBER(C9))),0,V9*(INT(C9/X9)+1)) -> 0 | AN9: =IF(OR(A9="",V9=""),0,2*((D9-2*F9)+(E9-2*F9))/100+2*10*W9/1000) -> 0 | AO9: =IF(OR(A9="",V9=""),0,IFERROR(AM9*AN9*VLOOKUP(W9,'TABELA DE PESOS'!$A$2:$B$9,2,FALSE()),0)) -> 0 | AP9: =IF(A9="",0,AB9+AD9+AF9+AI9+AL9+AO9) -> 220.1376 | AQ9: =IF(OR(A9="",NOT(ISNUMBER(C9))),0,(D9/100)*(E9/100)*C9) -> 0.98 | AR9: =IF(OR(A9="",NOT(ISNUMBER(C9))),0,2*(D9/100+E9/100)*C9) -> 7.7
A10: P3 | B10: Fundações | C10: =IF(B10<>"",IFERROR(VLOOKUP(B10,PISOS!A:D,4,0),"PENDENTE"),"") -> 0.4 | D10: 40 | E10: 20 | F10: 3 | G10: 50 | H10: =IF(OR(A10="",K10=""),0,G10*K10/1000) -> 0.8 | I10: =IF(OR(A10="",K10="",NOT(ISNUMBER(C10))),0,IF((C10+H10)>12,G10*K10/1000,0)) -> 0 | J10: 6 | K10: 16 | L10: 6 | M10: 12 | P10: 1 | Q10: 8 | R10: 0.2 | Y10: =IF(OR(A10="",M10="",NOT(ISNUMBER(C10))),0,IF((C10+H10)>12,G10*M10/1000,0)) -> 0 | Z10: =IF(OR(A10="",O10="",NOT(ISNUMBER(C10))),0,IF((C10+H10)>12,G10*O10/1000,0)) -> 0 | AA10: =IF(OR(A10="",NOT(ISNUMBER(C10))),"",C10+H10+I10) -> 1.2 | AB10: =IF(OR(A10="",AA10=""),0,IFERROR(J10*AA10*VLOOKUP(K10,'TABELA DE PESOS'!$A$2:$B$9,2,FALSE()),0)) -> 11.3616 | AC10: =IF(OR(A10="",NOT(ISNUMBER(C10))),"",C10+H10+Y10) -> 1.2 | AD10: =IF(OR(A10="",AC10=""),0,IFERROR(L10*AC10*VLOOKUP(M10,'TABELA DE PESOS'!$A$2:$B$9,2,FALSE()),0)) -> 6.3936 | AE10: =IF(OR(A10="",NOT(ISNUMBER(C10))),"",C10+H10+Z10) -> 1.2 | AF10: =IF(OR(A10="",AE10=""),0,IFERROR(N10*AE10*VLOOKUP(O10,'TABELA DE PESOS'!$A$2:$B$9,2,FALSE()),0)) -> 0 | AG10: =IF(OR(A10="",P10="",NOT(ISNUMBER(C10))),0,P10*(INT(C10/R10)+1)) -> 3 | AH10: =IF(OR(A10="",P10=""),0,2*((D10-2*F10)+(E10-2*F10))/100+2*10*Q10/1000) -> 1.12 | AI10: =IF(OR(A10="",P10=""),0,IFERROR(AG10*AH10*VLOOKUP(Q10,'TABELA DE PESOS'!$A$2:$B$9,2,FALSE()),0)) -> 1.3272 | AJ10: =IF(OR(A10="",S10="",NOT(ISNUMBER(C10))),0,S10*(INT(C10/U10)+1)) -> 0 | AK10: =IF(OR(A10="",S10=""),0,2*((D10-2*F10)+(E10-2*F10))/100+2*10*T10/1000) -> 0 | AL10: =IF(OR(A10="",S10=""),0,IFERROR(AJ10*AK10*VLOOKUP(T10,'TABELA DE PESOS'!$A$2:$B$9,2,FALSE()),0)) -> 0 | AM10: =IF(OR(A10="",V10="",NOT(ISNUMBER(C10))),0,V10*(INT(C10/X10)+1)) -> 0 | AN10: =IF(OR(A10="",V10=""),0,2*((D10-2*F10)+(E10-2*F10))/100+2*10*W10/1000) -> 0 | AO10: =IF(OR(A10="",V10=""),0,IFERROR(AM10*AN10*VLOOKUP(W10,'TABELA DE PESOS'!$A$2:$B$9,2,FALSE()),0)) -> 0 | AP10: =IF(A10="",0,AB10+AD10+AF10+AI10+AL10+AO10) -> 19.0824 | AQ10: =IF(OR(A10="",NOT(ISNUMBER(C10))),0,(D10/100)*(E10/100)*C10) -> 0.032 | AR10: =IF(OR(A10="",NOT(ISNUMBER(C10))),0,2*(D10/100+E10/100)*C10) -> 0.48
A11: P3 | B11: Piso -1 | C11: =IF(B11<>"",IFERROR(VLOOKUP(B11,PISOS!A:D,4,0),"PENDENTE"),"") -> 3.5 | D11: 40 | E11: 20 | F11: 3 | G11: 50 | H11: =IF(OR(A11="",K11=""),0,G11*K11/1000) -> 0.8 | I11: =IF(OR(A11="",K11="",NOT(ISNUMBER(C11))),0,IF((C11+H11)>12,G11*K11/1000,0)) -> 0 | J11: 6 | K11: 16 | L11: 6 | M11: 12 | P11: 1 | Q11: 8 | R11: 0.2 | Y11: =IF(OR(A11="",M11="",NOT(ISNUMBER(C11))),0,IF((C11+H11)>12,G11*M11/1000,0)) -> 0 | Z11: =IF(OR(A11="",O11="",NOT(ISNUMBER(C11))),0,IF((C11+H11)>12,G11*O11/1000,0)) -> 0 | AA11: =IF(OR(A11="",NOT(ISNUMBER(C11))),"",C11+H11+I11) -> 4.3 | AB11: =IF(OR(A11="",AA11=""),0,IFERROR(J11*AA11*VLOOKUP(K11,'TABELA DE PESOS'!$A$2:$B$9,2,FALSE()),0)) -> 40.7124 | AC11: =IF(OR(A11="",NOT(ISNUMBER(C11))),"",C11+H11+Y11) -> 4.3 | AD11: =IF(OR(A11="",AC11=""),0,IFERROR(L11*AC11*VLOOKUP(M11,'TABELA DE PESOS'!$A$2:$B$9,2,FALSE()),0)) -> 22.9104 | AE11: =IF(OR(A11="",NOT(ISNUMBER(C11))),"",C11+H11+Z11) -> 4.3 | AF11: =IF(OR(A11="",AE11=""),0,IFERROR(N11*AE11*VLOOKUP(O11,'TABELA DE PESOS'!$A$2:$B$9,2,FALSE()),0)) -> 0 | AG11: =IF(OR(A11="",P11="",NOT(ISNUMBER(C11))),0,P11*(INT(C11/R11)+1)) -> 18 | AH11: =IF(OR(A11="",P11=""),0,2*((D11-2*F11)+(E11-2*F11))/100+2*10*Q11/1000) -> 1.12 | AI11: =IF(OR(A11="",P11=""),0,IFERROR(AG11*AH11*VLOOKUP(Q11,'TABELA DE PESOS'!$A$2:$B$9,2,FALSE()),0)) -> 7.9632 | AJ11: =IF(OR(A11="",S11="",NOT(ISNUMBER(C11))),0,S11*(INT(C11/U11)+1)) -> 0 | AK11: =IF(OR(A11="",S11=""),0,2*((D11-2*F11)+(E11-2*F11))/100+2*10*T11/1000) -> 0 | AL11: =IF(OR(A11="",S11=""),0,IFERROR(AJ11*AK11*VLOOKUP(T11,'TABELA DE PESOS'!$A$2:$B$9,2,FALSE()),0)) -> 0 | AM11: =IF(OR(A11="",V11="",NOT(ISNUMBER(C11))),0,V11*(INT(C11/X11)+1)) -> 0 | AN11: =IF(OR(A11="",V11=""),0,2*((D11-2*F11)+(E11-2*F11))/100+2*10*W11/1000) -> 0 | AO11: =IF(OR(A11="",V11=""),0,IFERROR(AM11*AN11*VLOOKUP(W11,'TABELA DE PESOS'!$A$2:$B$9,2,FALSE()),0)) -> 0 | AP11: =IF(A11="",0,AB11+AD11+AF11+AI11+AL11+AO11) -> 71.586 | AQ11: =IF(OR(A11="",NOT(ISNUMBER(C11))),0,(D11/100)*(E11/100)*C11) -> 0.28 | AR11: =IF(OR(A11="",NOT(ISNUMBER(C11))),0,2*(D11/100+E11/100)*C11) -> 4.2
A12: P7 | B12: Fundações | C12: =IF(B12<>"",IFERROR(VLOOKUP(B12,PISOS!A:D,4,0),"PENDENTE"),"") -> 0.4 | D12: 50 | E12: 30 | F12: 3 | G12: 50 | H12: =IF(OR(A12="",K12=""),0,G12*K12/1000) -> 0.8 | I12: =IF(OR(A12="",K12="",NOT(ISNUMBER(C12))),0,IF((C12+H12)>12,G12*K12/1000,0)) -> 0 | J12: 10 | K12: 16 | P12: 1 | Q12: 8 | R12: 0.2 | Y12: =IF(OR(A12="",M12="",NOT(ISNUMBER(C12))),0,IF((C12+H12)>12,G12*M12/1000,0)) -> 0 | Z12: =IF(OR(A12="",O12="",NOT(ISNUMBER(C12))),0,IF((C12+H12)>12,G12*O12/1000,0)) -> 0 | AA12: =IF(OR(A12="",NOT(ISNUMBER(C12))),"",C12+H12+I12) -> 1.2 | AB12: =IF(OR(A12="",AA12=""),0,IFERROR(J12*AA12*VLOOKUP(K12,'TABELA DE PESOS'!$A$2:$B$9,2,FALSE()),0)) -> 18.936 | AC12: =IF(OR(A12="",NOT(ISNUMBER(C12))),"",C12+H12+Y12) -> 1.2 | AD12: =IF(OR(A12="",AC12=""),0,IFERROR(L12*AC12*VLOOKUP(M12,'TABELA DE PESOS'!$A$2:$B$9,2,FALSE()),0)) -> 0 | AE12: =IF(OR(A12="",NOT(ISNUMBER(C12))),"",C12+H12+Z12) -> 1.2 | AF12: =IF(OR(A12="",AE12=""),0,IFERROR(N12*AE12*VLOOKUP(O12,'TABELA DE PESOS'!$A$2:$B$9,2,FALSE()),0)) -> 0 | AG12: =IF(OR(A12="",P12="",NOT(ISNUMBER(C12))),0,P12*(INT(C12/R12)+1)) -> 3 | AH12: =IF(OR(A12="",P12=""),0,2*((D12-2*F12)+(E12-2*F12))/100+2*10*Q12/1000) -> 1.52 | AI12: =IF(OR(A12="",P12=""),0,IFERROR(AG12*AH12*VLOOKUP(Q12,'TABELA DE PESOS'!$A$2:$B$9,2,FALSE()),0)) -> 1.8012 | AJ12: =IF(OR(A12="",S12="",NOT(ISNUMBER(C12))),0,S12*(INT(C12/U12)+1)) -> 0 | AK12: =IF(OR(A12="",S12=""),0,2*((D12-2*F12)+(E12-2*F12))/100+2*10*T12/1000) -> 0 | AL12: =IF(OR(A12="",S12=""),0,IFERROR(AJ12*AK12*VLOOKUP(T12,'TABELA DE PESOS'!$A$2:$B$9,2,FALSE()),0)) -> 0 | AM12: =IF(OR(A12="",V12="",NOT(ISNUMBER(C12))),0,V12*(INT(C12/X12)+1)) -> 0 | AN12: =IF(OR(A12="",V12=""),0,2*((D12-2*F12)+(E12-2*F12))/100+2*10*W12/1000) -> 0 | AO12: =IF(OR(A12="",V12=""),0,IFERROR(AM12*AN12*VLOOKUP(W12,'TABELA DE PESOS'!$A$2:$B$9,2,FALSE()),0)) -> 0 | AP12: =IF(A12="",0,AB12+AD12+AF12+AI12+AL12+AO12) -> 20.7372 | AQ12: =IF(OR(A12="",NOT(ISNUMBER(C12))),0,(D12/100)*(E12/100)*C12) -> 0.06 | AR12: =IF(OR(A12="",NOT(ISNUMBER(C12))),0,2*(D12/100+E12/100)*C12) -> 0.64
A13: P7 | B13: Piso -1 | C13: =IF(B13<>"",IFERROR(VLOOKUP(B13,PISOS!A:D,4,0),"PENDENTE"),"") -> 3.5 | D13: 50 | E13: 30 | F13: 3 | G13: 50 | H13: =IF(OR(A13="",K13=""),0,G13*K13/1000) -> 0.8 | I13: =IF(OR(A13="",K13="",NOT(ISNUMBER(C13))),0,IF((C13+H13)>12,G13*K13/1000,0)) -> 0 | J13: 7 | K13: 16 | P13: 1 | Q13: 8 | R13: 0.2 | Y13: =IF(OR(A13="",M13="",NOT(ISNUMBER(C13))),0,IF((C13+H13)>12,G13*M13/1000,0)) -> 0 | Z13: =IF(OR(A13="",O13="",NOT(ISNUMBER(C13))),0,IF((C13+H13)>12,G13*O13/1000,0)) -> 0 | AA13: =IF(OR(A13="",NOT(ISNUMBER(C13))),"",C13+H13+I13) -> 4.3 | AB13: =IF(OR(A13="",AA13=""),0,IFERROR(J13*AA13*VLOOKUP(K13,'TABELA DE PESOS'!$A$2:$B$9,2,FALSE()),0)) -> 47.4978 | AC13: =IF(OR(A13="",NOT(ISNUMBER(C13))),"",C13+H13+Y13) -> 4.3 | AD13: =IF(OR(A13="",AC13=""),0,IFERROR(L13*AC13*VLOOKUP(M13,'TABELA DE PESOS'!$A$2:$B$9,2,FALSE()),0)) -> 0 | AE13: =IF(OR(A13="",NOT(ISNUMBER(C13))),"",C13+H13+Z13) -> 4.3 | AF13: =IF(OR(A13="",AE13=""),0,IFERROR(N13*AE13*VLOOKUP(O13,'TABELA DE PESOS'!$A$2:$B$9,2,FALSE()),0)) -> 0 | AG13: =IF(OR(A13="",P13="",NOT(ISNUMBER(C13))),0,P13*(INT(C13/R13)+1)) -> 18 | AH13: =IF(OR(A13="",P13=""),0,PI()*(D13-2*F13)/100+2*10*Q13/1000) -> 1.5423008 | AI13: =IF(OR(A13="",P13=""),0,IFERROR(AG13*AH13*VLOOKUP(Q13,'TABELA DE PESOS'!$A$2:$B$9,2,FALSE()),0)) -> 10.965758 | AJ13: =IF(OR(A13="",S13="",NOT(ISNUMBER(C13))),0,S13*(INT(C13/U13)+1)) -> 0 | AK13: =IF(OR(A13="",S13=""),0,PI()*(D13-2*F13)/100+2*10*T13/1000) -> 0 | AL13: =IF(OR(A13="",S13=""),0,IFERROR(AJ13*AK13*VLOOKUP(T13,'TABELA DE PESOS'!$A$2:$B$9,2,FALSE()),0)) -> 0 | AM13: =IF(OR(A13="",V13="",NOT(ISNUMBER(C13))),0,V13*(INT(C13/X13)+1)) -> 0 | AN13: =IF(OR(A13="",V13=""),0,PI()*(D13-2*F13)/100+2*10*W13/1000) -> 0 | AO13: =IF(OR(A13="",V13=""),0,IFERROR(AM13*AN13*VLOOKUP(W13,'TABELA DE PESOS'!$A$2:$B$9,2,FALSE()),0)) -> 0 | AP13: =IF(A13="",0,AB13+AD13+AF13+AI13+AL13+AO13) -> 58.463558 | AQ13: =IF(OR(A13="",NOT(ISNUMBER(C13))),0,PI()*(D13/200)^2*C13) -> 0.68722339 | AR13: =IF(OR(A13="",NOT(ISNUMBER(C13))),0,PI()*(D13/100)*C13) -> 5.4977871
G14: 50 | H14: =IF(OR(A14="",K14=""),0,G14*K14/1000) -> 0 | I14: =IF(OR(A14="",K14="",NOT(ISNUMBER(C14))),0,IF((C14+H14)>12,G14*K14/1000,0)) -> 0 | Y14: =IF(OR(A14="",M14="",NOT(ISNUMBER(C14))),0,IF((C14+H14)>12,G14*M14/1000,0)) -> 0 | Z14: =IF(OR(A14="",O14="",NOT(ISNUMBER(C14))),0,IF((C14+H14)>12,G14*O14/1000,0)) -> 0 | AA14: =IF(OR(A14="",NOT(ISNUMBER(C14))),"",C14+H14+I14) | AB14: =IF(OR(A14="",AA14=""),0,IFERROR(J14*AA14*VLOOKUP(K14,'TABELA DE PESOS'!$A$2:$B$9,2,FALSE()),0)) -> 0 | AC14: =IF(OR(A14="",NOT(ISNUMBER(C14))),"",C14+H14+Y14) | AD14: =IF(OR(A14="",AC14=""),0,IFERROR(L14*AC14*VLOOKUP(M14,'TABELA DE PESOS'!$A$2:$B$9,2,FALSE()),0)) -> 0 | AE14: =IF(OR(A14="",NOT(ISNUMBER(C14))),"",C14+H14+Z14) | AF14: =IF(OR(A14="",AE14=""),0,IFERROR(N14*AE14*VLOOKUP(O14,'TABELA DE PESOS'!$A$2:$B$9,2,FALSE()),0)) -> 0 | AG14: =IF(OR(A14="",P14="",NOT(ISNUMBER(C14))),0,P14*(INT(C14/R14)+1)) -> 0 | AH14: =IF(OR(A14="",P14=""),0,2*((D14-2*F14)+(E14-2*F14))/100+2*10*Q14/1000) -> 0 | AI14: =IF(OR(A14="",P14=""),0,IFERROR(AG14*AH14*VLOOKUP(Q14,'TABELA DE PESOS'!$A$2:$B$9,2,FALSE()),0)) -> 0 | AJ14: =IF(OR(A14="",S14="",NOT(ISNUMBER(C14))),0,S14*(INT(C14/U14)+1)) -> 0 | AK14: =IF(OR(A14="",S14=""),0,2*((D14-2*F14)+(E14-2*F14))/100+2*10*T14/1000) -> 0 | AL14: =IF(OR(A14="",S14=""),0,IFERROR(AJ14*AK14*VLOOKUP(T14,'TABELA DE PESOS'!$A$2:$B$9,2,FALSE()),0)) -> 0 | AM14: =IF(OR(A14="",V14="",NOT(ISNUMBER(C14))),0,V14*(INT(C14/X14)+1)) -> 0 | AN14: =IF(OR(A14="",V14=""),0,2*((D14-2*F14)+(E14-2*F14))/100+2*10*W14/1000) -> 0 | AO14: =IF(OR(A14="",V14=""),0,IFERROR(AM14*AN14*VLOOKUP(W14,'TABELA DE PESOS'!$A$2:$B$9,2,FALSE()),0)) -> 0 | AP14: =IF(A14="",0,AB14+AD14+AF14+AI14+AL14+AO14) -> 0 | AQ14: =IF(OR(A14="",NOT(ISNUMBER(C14))),0,(D14/100)*(E14/100)*C14) -> 0 | AR14: =IF(OR(A14="",NOT(ISNUMBER(C14))),0,2*(D14/100+E14/100)*C14) -> 0
A15: TOTAL GERAL | AB15: =SUM(AB6:AB14) -> 413.5938 | AD15: =SUM(AD6:AD14) -> 78.144 | AF15: =SUM(AF6:AF14) -> 0 | AI15: =SUM(AI6:AI14) -> 53.910158 | AL15: =SUM(AL6:AL14) -> 31.8528 | AO15: =SUM(AO6:AO14) -> 0 | AP15: =SUM(AP6:AP14) -> 577.50076 | AQ15: =SUM(AQ6:AQ14) -> 2.8532234 | AR15: =SUM(AR6:AR14) -> 26.417787

Sheet PILARES
A1: LEVANTAMENTO DE AÇO — PILARES
A2: Azul=entrada | Bege=transpasse | Verde=calculado | Laranja=ferro total | Roxo=betão | Amarelo=cofragem
A4: GEOMETRIA / SEÇÃO | G4: TRANSPASSE / ARRANQUE | J4: ARM. LONGITUDINAL | P4: EST. TIPO 1 | S4: EST. TIPO 2 | V4: EST. TIPO 3 | Y4: AUX | AA4: COMP./PESO LONGIT. | AG4: PESO ESTRIBOS | AP4: FERRO | AQ4: BETÃO | AR4: COFRAG.
A5: Pilar | B5: Piso | C5: Altura (m) | D5: b (cm) | E5: h (cm) | F5: Cobr. (cm) | G5: Coef. Transp. (×Ø) | H5: Arranque Inf. (m) | I5: Transp. Sup. (m) | J5: Qtd L1 | K5: Ø L1 (mm) | L5: Qtd L2 | M5: Ø L2 (mm) | N5: Qtd L3 | O5: Ø L3 (mm) | P5: Conj. E1 | Q5: Ø E1 (mm) | R5: Esp.E1 (m) | S5: Conj. E2 | T5: Ø E2 (mm) | U5: Esp.E2 (m) | V5: Conj. E3 | W5: Ø E3 (mm) | X5: Esp.E3 (m) | Y5: Transp. L2 (m) | Z5: Transp. L3 (m) | AA5: Comp. L1 (m) | AB5: Peso L1 (kg) | AC5: Comp. L2 (m) | AD5: Peso L2 (kg) | AE5: Comp. L3 (m) | AF5: Peso L3 (kg) | AG5: C.U. E1 (m) | AH5: Qtd E1 | AI5: Peso E1 (kg) | AJ5: C.U. E2 (m) | AK5: Qtd E2 | AL5: Peso E2 (kg) | AM5: C.U. E3 (m) | AN5: Qtd E3 | AO5: Peso E3 (kg) | AP5: PESO FERRO (kg) | AQ5: Volume Betão (m³) | AR5: Área Cofrag. (m²) | AS5: Observações
A6: P1-P0 | B6: Piso 0 | C6: =IF(B6<>"",IFERROR(VLOOKUP(B6,PISOS!A:D,4,0),"PENDENTE"),"") -> PENDENTE | D6: 30 | E6: 60 | F6: 3 | G6: 50 | H6: =IF(OR(A6="",K6=""),0,G6*K6/1000) -> 0.8 | I6: =IF(OR(A6="",K6="",NOT(ISNUMBER(C6))),0,IF((C6+H6)>12,G6*K6/1000,0)) -> 0 | J6: 6 | K6: 16 | L6: 10 | M6: 12 | P6: 1 | Q6: 8 | R6: 0.2 | S6: 1 | T6: 8 | U6: 0.2 | Y6: =IF(OR(A6="",M6="",NOT(ISNUMBER(C6))),0,IF((C6+H6)>12,G6*M6/1000,0)) -> 0 | Z6: =IF(OR(A6="",O6="",NOT(ISNUMBER(C6))),0,IF((C6+H6)>12,G6*O6/1000,0)) -> 0 | AA6: =IF(OR(A6="",NOT(ISNUMBER(C6))),"",C6+H6+I6) | AB6: =IF(OR(A6="",AA6=""),0,IFERROR(J6*AA6*VLOOKUP(K6,'TABELA DE PESOS'!$A$2:$B$9,2,FALSE()),0)) -> 0 | AC6: =IF(OR(A6="",NOT(ISNUMBER(C6))),"",C6+H6+Y6) | AD6: =IF(OR(A6="",AC6=""),0,IFERROR(L6*AC6*VLOOKUP(M6,'TABELA DE PESOS'!$A$2:$B$9,2,FALSE()),0)) -> 0 | AE6: =IF(OR(A6="",NOT(ISNUMBER(C6))),"",C6+H6+Z6) | AF6: =IF(OR(A6="",AE6=""),0,IFERROR(N6*AE6*VLOOKUP(O6,'TABELA DE PESOS'!$A$2:$B$9,2,FALSE()),0)) -> 0 | AG6: =IF(OR(A6="",P6="",NOT(ISNUMBER(C6))),0,P6*(INT(C6/R6)+1)) -> 0 | AH6: =IF(OR(A6="",P6=""),0,2*((D6-2*F6)+(E6-2*F6))/100+2*10*Q6/1000) -> 1.72 | AI6: =IF(OR(A6="",P6=""),0,IFERROR(AG6*AH6*VLOOKUP(Q6,'TABELA DE PESOS'!$A$2:$B$9,2,FALSE()),0)) -> 0 | AJ6: =IF(OR(A6="",S6="",NOT(ISNUMBER(C6))),0,S6*(INT(C6/U6)+1)) -> 0 | AK6: =IF(OR(A6="",S6=""),0,2*((D6-2*F6)+(E6-2*F6))/100+2*10*T6/1000) -> 1.72 | AL6: =IF(OR(A6="",S6=""),0,IFERROR(AJ6*AK6*VLOOKUP(T6,'TABELA DE PESOS'!$A$2:$B$9,2,FALSE()),0)) -> 0 | AM6: =IF(OR(A6="",V6="",NOT(ISNUMBER(C6))),0,V6*(INT(C6/X6)+1)) -> 0 | AN6: =IF(OR(A6="",V6=""),0,2*((D6-2*F6)+(E6-2*F6))/100+2*10*W6/1000) -> 0 | AO6: =IF(OR(A6="",V6=""),0,IFERROR(AM6*AN6*VLOOKUP(W6,'TABELA DE PESOS'!$A$2:$B$9,2,FALSE()),0)) -> 0 | AP6: =IF(A6="",0,AB6+AD6+AF6+AI6+AL6+AO6) -> 0 | AQ6: =IF(OR(A6="",NOT(ISNUMBER(C6))),0,(D6/100)*(E6/100)*C6) -> 0 | AR6: =IF(OR(A6="",NOT(ISNUMBER(C6))),0,2*(D6/100+E6/100)*C6) -> 0 | AS6: Fundações a Piso 0. Cinta exterior e cinta interior fechada. Contagem cintas exige zonas a/2.
A7: P1-P1 | B7: Piso 1 | C7: =IF(B7<>"",IFERROR(VLOOKUP(B7,PISOS!A:D,4,0),"PENDENTE"),"") -> 3.93 | D7: 30 | E7: 60 | F7: 3 | G7: 50 | H7: =IF(OR(A7="",K7=""),0,G7*K7/1000) -> 0.8 | I7: =IF(OR(A7="",K7="",NOT(ISNUMBER(C7))),0,IF((C7+H7)>12,G7*K7/1000,0)) -> 0 | J7: 6 | K7: 16 | L7: 10 | M7: 12 | P7: 1 | Q7: 8 | R7: 0.2 | S7: 1 | T7: 8 | U7: 0.2 | Y7: =IF(OR(A7="",M7="",NOT(ISNUMBER(C7))),0,IF((C7+H7)>12,G7*M7/1000,0)) -> 0 | Z7: =IF(OR(A7="",O7="",NOT(ISNUMBER(C7))),0,IF((C7+H7)>12,G7*O7/1000,0)) -> 0 | AA7: =IF(OR(A7="",NOT(ISNUMBER(C7))),"",C7+H7+I7) -> 4.73 | AB7: =IF(OR(A7="",AA7=""),0,IFERROR(J7*AA7*VLOOKUP(K7,'TABELA DE PESOS'!$A$2:$B$9,2,FALSE()),0)) -> 44.78364 | AC7: =IF(OR(A7="",NOT(ISNUMBER(C7))),"",C7+H7+Y7) -> 4.73 | AD7: =IF(OR(A7="",AC7=""),0,IFERROR(L7*AC7*VLOOKUP(M7,'TABELA DE PESOS'!$A$2:$B$9,2,FALSE()),0)) -> 42.0024 | AE7: =IF(OR(A7="",NOT(ISNUMBER(C7))),"",C7+H7+Z7) -> 4.73 | AF7: =IF(OR(A7="",AE7=""),0,IFERROR(N7*AE7*VLOOKUP(O7,'TABELA DE PESOS'!$A$2:$B$9,2,FALSE()),0)) -> 0 | AG7: =IF(OR(A7="",P7="",NOT(ISNUMBER(C7))),0,P7*(INT(C7/R7)+1)) -> 20 | AH7: =IF(OR(A7="",P7=""),0,2*((D7-2*F7)+(E7-2*F7))/100+2*10*Q7/1000) -> 1.72 | AI7: =IF(OR(A7="",P7=""),0,IFERROR(AG7*AH7*VLOOKUP(Q7,'TABELA DE PESOS'!$A$2:$B$9,2,FALSE()),0)) -> 13.588 | AJ7: =IF(OR(A7="",S7="",NOT(ISNUMBER(C7))),0,S7*(INT(C7/U7)+1)) -> 20 | AK7: =IF(OR(A7="",S7=""),0,2*((D7-2*F7)+(E7-2*F7))/100+2*10*T7/1000) -> 1.72 | AL7: =IF(OR(A7="",S7=""),0,IFERROR(AJ7*AK7*VLOOKUP(T7,'TABELA DE PESOS'!$A$2:$B$9,2,FALSE()),0)) -> 13.588 | AM7: =IF(OR(A7="",V7="",NOT(ISNUMBER(C7))),0,V7*(INT(C7/X7)+1)) -> 0 | AN7: =IF(OR(A7="",V7=""),0,2*((D7-2*F7)+(E7-2*F7))/100+2*10*W7/1000) -> 0 | AO7: =IF(OR(A7="",V7=""),0,IFERROR(AM7*AN7*VLOOKUP(W7,'TABELA DE PESOS'!$A$2:$B$9,2,FALSE()),0)) -> 0 | AP7: =IF(A7="",0,AB7+AD7+AF7+AI7+AL7+AO7) -> 113.96204 | AQ7: =IF(OR(A7="",NOT(ISNUMBER(C7))),0,(D7/100)*(E7/100)*C7) -> 0.7074 | AR7: =IF(OR(A7="",NOT(ISNUMBER(C7))),0,2*(D7/100+E7/100)*C7) -> 7.074 | AS7: Piso 0 a Piso 1. Cinta exterior e cinta interior fechada. Contagem cintas exige zonas a/2.
A8: P1-COB | B8: Cobertura | C8: =IF(B8<>"",IFERROR(VLOOKUP(B8,PISOS!A:D,4,0),"PENDENTE"),"") -> PENDENTE | D8: 30 | E8: 60 | F8: 3 | G8: 50 | H8: =IF(OR(A8="",K8=""),0,G8*K8/1000) -> 0.8 | I8: =IF(OR(A8="",K8="",NOT(ISNUMBER(C8))),0,IF((C8+H8)>12,G8*K8/1000,0)) -> 0 | J8: 6 | K8: 16 | L8: 10 | M8: 12 | P8: 1 | Q8: 8 | R8: 0.2 | S8: 1 | T8: 8 | U8: 0.2 | Y8: =IF(OR(A8="",M8="",NOT(ISNUMBER(C8))),0,IF((C8+H8)>12,G8*M8/1000,0)) -> 0 | Z8: =IF(OR(A8="",O8="",NOT(ISNUMBER(C8))),0,IF((C8+H8)>12,G8*O8/1000,0)) -> 0 | AA8: =IF(OR(A8="",NOT(ISNUMBER(C8))),"",C8+H8+I8) | AB8: =IF(OR(A8="",AA8=""),0,IFERROR(J8*AA8*VLOOKUP(K8,'TABELA DE PESOS'!$A$2:$B$9,2,FALSE()),0)) -> 0 | AC8: =IF(OR(A8="",NOT(ISNUMBER(C8))),"",C8+H8+Y8) | AD8: =IF(OR(A8="",AC8=""),0,IFERROR(L8*AC8*VLOOKUP(M8,'TABELA DE PESOS'!$A$2:$B$9,2,FALSE()),0)) -> 0 | AE8: =IF(OR(A8="",NOT(ISNUMBER(C8))),"",C8+H8+Z8) | AF8: =IF(OR(A8="",AE8=""),0,IFERROR(N8*AE8*VLOOKUP(O8,'TABELA DE PESOS'!$A$2:$B$9,2,FALSE()),0)) -> 0 | AG8: =IF(OR(A8="",P8="",NOT(ISNUMBER(C8))),0,P8*(INT(C8/R8)+1)) -> 0 | AH8: =IF(OR(A8="",P8=""),0,2*((D8-2*F8)+(E8-2*F8))/100+2*10*Q8/1000) -> 1.72 | AI8: =IF(OR(A8="",P8=""),0,IFERROR(AG8*AH8*VLOOKUP(Q8,'TABELA DE PESOS'!$A$2:$B$9,2,FALSE()),0)) -> 0 | AJ8: =IF(OR(A8="",S8="",NOT(ISNUMBER(C8))),0,S8*(INT(C8/U8)+1)) -> 0 | AK8: =IF(OR(A8="",S8=""),0,2*((D8-2*F8)+(E8-2*F8))/100+2*10*T8/1000) -> 1.72 | AL8: =IF(OR(A8="",S8=""),0,IFERROR(AJ8*AK8*VLOOKUP(T8,'TABELA DE PESOS'!$A$2:$B$9,2,FALSE()),0)) -> 0 | AM8: =IF(OR(A8="",V8="",NOT(ISNUMBER(C8))),0,V8*(INT(C8/X8)+1)) -> 0 | AN8: =IF(OR(A8="",V8=""),0,2*((D8-2*F8)+(E8-2*F8))/100+2*10*W8/1000) -> 0 | AO8: =IF(OR(A8="",V8=""),0,IFERROR(AM8*AN8*VLOOKUP(W8,'TABELA DE PESOS'!$A$2:$B$9,2,FALSE()),0)) -> 0 | AP8: =IF(A8="",0,AB8+AD8+AF8+AI8+AL8+AO8) -> 0 | AQ8: =IF(OR(A8="",NOT(ISNUMBER(C8))),0,(D8/100)*(E8/100)*C8) -> 0 | AR8: =IF(OR(A8="",NOT(ISNUMBER(C8))),0,2*(D8/100+E8/100)*C8) -> 0 | AS8: Piso 1 a Cobertura. Cinta exterior e cinta interior fechada. Contagem cintas exige zonas a/2.
A9: P2-P0 | B9: Piso 0 | C9: =IF(B9<>"",IFERROR(VLOOKUP(B9,PISOS!A:D,4,0),"PENDENTE"),"") -> PENDENTE | D9: 40 | E9: 70 | F9: 3 | G9: 50 | H9: =IF(OR(A9="",K9=""),0,G9*K9/1000) -> 0.8 | I9: =IF(OR(A9="",K9="",NOT(ISNUMBER(C9))),0,IF((C9+H9)>12,G9*K9/1000,0)) -> 0 | J9: 28 | K9: 16 | P9: 1 | Q9: 8 | R9: 0.2 | S9: 1 | T9: 8 | U9: 0.2 | Y9: =IF(OR(A9="",M9="",NOT(ISNUMBER(C9))),0,IF((C9+H9)>12,G9*M9/1000,0)) -> 0 | Z9: =IF(OR(A9="",O9="",NOT(ISNUMBER(C9))),0,IF((C9+H9)>12,G9*O9/1000,0)) -> 0 | AA9: =IF(OR(A9="",NOT(ISNUMBER(C9))),"",C9+H9+I9) | AB9: =IF(OR(A9="",AA9=""),0,IFERROR(J9*AA9*VLOOKUP(K9,'TABELA DE PESOS'!$A$2:$B$9,2,FALSE()),0)) -> 0 | AC9: =IF(OR(A9="",NOT(ISNUMBER(C9))),"",C9+H9+Y9) | AD9: =IF(OR(A9="",AC9=""),0,IFERROR(L9*AC9*VLOOKUP(M9,'TABELA DE PESOS'!$A$2:$B$9,2,FALSE()),0)) -> 0 | AE9: =IF(OR(A9="",NOT(ISNUMBER(C9))),"",C9+H9+Z9) | AF9: =IF(OR(A9="",AE9=""),0,IFERROR(N9*AE9*VLOOKUP(O9,'TABELA DE PESOS'!$A$2:$B$9,2,FALSE()),0)) -> 0 | AG9: =IF(OR(A9="",P9="",NOT(ISNUMBER(C9))),0,P9*(INT(C9/R9)+1)) -> 0 | AH9: =IF(OR(A9="",P9=""),0,2*((D9-2*F9)+(E9-2*F9))/100+2*10*Q9/1000) -> 2.12 | AI9: =IF(OR(A9="",P9=""),0,IFERROR(AG9*AH9*VLOOKUP(Q9,'TABELA DE PESOS'!$A$2:$B$9,2,FALSE()),0)) -> 0 | AJ9: =IF(OR(A9="",S9="",NOT(ISNUMBER(C9))),0,S9*(INT(C9/U9)+1)) -> 0 | AK9: =IF(OR(A9="",S9=""),0,2*((D9-2*F9)+(E9-2*F9))/100+2*10*T9/1000) -> 2.12 | AL9: =IF(OR(A9="",S9=""),0,IFERROR(AJ9*AK9*VLOOKUP(T9,'TABELA DE PESOS'!$A$2:$B$9,2,FALSE()),0)) -> 0 | AM9: =IF(OR(A9="",V9="",NOT(ISNUMBER(C9))),0,V9*(INT(C9/X9)+1)) -> 0 | AN9: =IF(OR(A9="",V9=""),0,2*((D9-2*F9)+(E9-2*F9))/100+2*10*W9/1000) -> 0 | AO9: =IF(OR(A9="",V9=""),0,IFERROR(AM9*AN9*VLOOKUP(W9,'TABELA DE PESOS'!$A$2:$B$9,2,FALSE()),0)) -> 0 | AP9: =IF(A9="",0,AB9+AD9+AF9+AI9+AL9+AO9) -> 0 | AQ9: =IF(OR(A9="",NOT(ISNUMBER(C9))),0,(D9/100)*(E9/100)*C9) -> 0 | AR9: =IF(OR(A9="",NOT(ISNUMBER(C9))),0,2*(D9/100+E9/100)*C9) -> 0 | AS9: Fundações a Piso 0. Cinta exterior e cinta interior fechada. Contagem cintas exige zonas a/2.
A10: P2-P1 | B10: Piso 1 | C10: =IF(B10<>"",IFERROR(VLOOKUP(B10,PISOS!A:D,4,0),"PENDENTE"),"") -> 3.93 | D10: 40 | E10: 70 | F10: 3 | G10: 50 | H10: =IF(OR(A10="",K10=""),0,G10*K10/1000) -> 0.8 | I10: =IF(OR(A10="",K10="",NOT(ISNUMBER(C10))),0,IF((C10+H10)>12,G10*K10/1000,0)) -> 0 | J10: 28 | K10: 16 | P10: 1 | Q10: 8 | R10: 0.2 | S10: 1 | T10: 8 | U10: 0.2 | Y10: =IF(OR(A10="",M10="",NOT(ISNUMBER(C10))),0,IF((C10+H10)>12,G10*M10/1000,0)) -> 0 | Z10: =IF(OR(A10="",O10="",NOT(ISNUMBER(C10))),0,IF((C10+H10)>12,G10*O10/1000,0)) -> 0 | AA10: =IF(OR(A10="",NOT(ISNUMBER(C10))),"",C10+H10+I10) -> 4.73 | AB10: =IF(OR(A10="",AA10=""),0,IFERROR(J10*AA10*VLOOKUP(K10,'TABELA DE PESOS'!$A$2:$B$9,2,FALSE()),0)) -> 208.99032 | AC10: =IF(OR(A10="",NOT(ISNUMBER(C10))),"",C10+H10+Y10) -> 4.73 | AD10: =IF(OR(A10="",AC10=""),0,IFERROR(L10*AC10*VLOOKUP(M10,'TABELA DE PESOS'!$A$2:$B$9,2,FALSE()),0)) -> 0 | AE10: =IF(OR(A10="",NOT(ISNUMBER(C10))),"",C10+H10+Z10) -> 4.73 | AF10: =IF(OR(A10="",AE10=""),0,IFERROR(N10*AE10*VLOOKUP(O10,'TABELA DE PESOS'!$A$2:$B$9,2,FALSE()),0)) -> 0 | AG10: =IF(OR(A10="",P10="",NOT(ISNUMBER(C10))),0,P10*(INT(C10/R10)+1)) -> 20 | AH10: =IF(OR(A10="",P10=""),0,2*((D10-2*F10)+(E10-2*F10))/100+2*10*Q10/1000) -> 2.12 | AI10: =IF(OR(A10="",P10=""),0,IFERROR(AG10*AH10*VLOOKUP(Q10,'TABELA DE PESOS'!$A$2:$B$9,2,FALSE()),0)) -> 16.748 | AJ10: =IF(OR(A10="",S10="",NOT(ISNUMBER(C10))),0,S10*(INT(C10/U10)+1)) -> 20 | AK10: =IF(OR(A10="",S10=""),0,2*((D10-2*F10)+(E10-2*F10))/100+2*10*T10/1000) -> 2.12 | AL10: =IF(OR(A10="",S10=""),0,IFERROR(AJ10*AK10*VLOOKUP(T10,'TABELA DE PESOS'!$A$2:$B$9,2,FALSE()),0)) -> 16.748 | AM10: =IF(OR(A10="",V10="",NOT(ISNUMBER(C10))),0,V10*(INT(C10/X10)+1)) -> 0 | AN10: =IF(OR(A10="",V10=""),0,2*((D10-2*F10)+(E10-2*F10))/100+2*10*W10/1000) -> 0 | AO10: =IF(OR(A10="",V10=""),0,IFERROR(AM10*AN10*VLOOKUP(W10,'TABELA DE PESOS'!$A$2:$B$9,2,FALSE()),0)) -> 0 | AP10: =IF(A10="",0,AB10+AD10+AF10+AI10+AL10+AO10) -> 242.48632 | AQ10: =IF(OR(A10="",NOT(ISNUMBER(C10))),0,(D10/100)*(E10/100)*C10) -> 1.1004 | AR10: =IF(OR(A10="",NOT(ISNUMBER(C10))),0,2*(D10/100+E10/100)*C10) -> 8.646 | AS10: Piso 0 a Piso 1. Cinta exterior e cinta interior fechada. Contagem cintas exige zonas a/2.
A11: P3-P0 | B11: Piso 0 | C11: =IF(B11<>"",IFERROR(VLOOKUP(B11,PISOS!A:D,4,0),"PENDENTE"),"") -> PENDENTE | D11: 40 | E11: 20 | F11: 3 | G11: 50 | H11: =IF(OR(A11="",K11=""),0,G11*K11/1000) -> 0.8 | I11: =IF(OR(A11="",K11="",NOT(ISNUMBER(C11))),0,IF((C11+H11)>12,G11*K11/1000,0)) -> 0 | J11: 6 | K11: 16 | L11: 6 | M11: 12 | P11: 1 | Q11: 8 | R11: 0.2 | Y11: =IF(OR(A11="",M11="",NOT(ISNUMBER(C11))),0,IF((C11+H11)>12,G11*M11/1000,0)) -> 0 | Z11: =IF(OR(A11="",O11="",NOT(ISNUMBER(C11))),0,IF((C11+H11)>12,G11*O11/1000,0)) -> 0 | AA11: =IF(OR(A11="",NOT(ISNUMBER(C11))),"",C11+H11+I11) | AB11: =IF(OR(A11="",AA11=""),0,IFERROR(J11*AA11*VLOOKUP(K11,'TABELA DE PESOS'!$A$2:$B$9,2,FALSE()),0)) -> 0 | AC11: =IF(OR(A11="",NOT(ISNUMBER(C11))),"",C11+H11+Y11) | AD11: =IF(OR(A11="",AC11=""),0,IFERROR(L11*AC11*VLOOKUP(M11,'TABELA DE PESOS'!$A$2:$B$9,2,FALSE()),0)) -> 0 | AE11: =IF(OR(A11="",NOT(ISNUMBER(C11))),"",C11+H11+Z11) | AF11: =IF(OR(A11="",AE11=""),0,IFERROR(N11*AE11*VLOOKUP(O11,'TABELA DE PESOS'!$A$2:$B$9,2,FALSE()),0)) -> 0 | AG11: =IF(OR(A11="",P11="",NOT(ISNUMBER(C11))),0,P11*(INT(C11/R11)+1)) -> 0 | AH11: =IF(OR(A11="",P11=""),0,2*((D11-2*F11)+(E11-2*F11))/100+2*10*Q11/1000) -> 1.12 | AI11: =IF(OR(A11="",P11=""),0,IFERROR(AG11*AH11*VLOOKUP(Q11,'TABELA DE PESOS'!$A$2:$B$9,2,FALSE()),0)) -> 0 | AJ11: =IF(OR(A11="",S11="",NOT(ISNUMBER(C11))),0,S11*(INT(C11/U11)+1)) -> 0 | AK11: =IF(OR(A11="",S11=""),0,2*((D11-2*F11)+(E11-2*F11))/100+2*10*T11/1000) -> 0 | AL11: =IF(OR(A11="",S11=""),0,IFERROR(AJ11*AK11*VLOOKUP(T11,'TABELA DE PESOS'!$A$2:$B$9,2,FALSE()),0)) -> 0 | AM11: =IF(OR(A11="",V11="",NOT(ISNUMBER(C11))),0,V11*(INT(C11/X11)+1)) -> 0 | AN11: =IF(OR(A11="",V11=""),0,2*((D11-2*F11)+(E11-2*F11))/100+2*10*W11/1000) -> 0 | AO11: =IF(OR(A11="",V11=""),0,IFERROR(AM11*AN11*VLOOKUP(W11,'TABELA DE PESOS'!$A$2:$B$9,2,FALSE()),0)) -> 0 | AP11: =IF(A11="",0,AB11+AD11+AF11+AI11+AL11+AO11) -> 0 | AQ11: =IF(OR(A11="",NOT(ISNUMBER(C11))),0,(D11/100)*(E11/100)*C11) -> 0 | AR11: =IF(OR(A11="",NOT(ISNUMBER(C11))),0,2*(D11/100+E11/100)*C11) -> 0 | AS11: Fundações a Piso 0. Cinta retangular simples.
A12: P4-P1 | B12: Piso 1 | C12: =IF(B12<>"",IFERROR(VLOOKUP(B12,PISOS!A:D,4,0),"PENDENTE"),"") -> 3.93 | D12: 20 | E12: 40 | F12: 3 | G12: 50 | H12: =IF(OR(A12="",K12=""),0,G12*K12/1000) -> 0.8 | I12: =IF(OR(A12="",K12="",NOT(ISNUMBER(C12))),0,IF((C12+H12)>12,G12*K12/1000,0)) -> 0 | J12: 6 | K12: 16 | L12: 6 | M12: 12 | P12: 1 | Q12: 8 | R12: 0.2 | Y12: =IF(OR(A12="",M12="",NOT(ISNUMBER(C12))),0,IF((C12+H12)>12,G12*M12/1000,0)) -> 0 | Z12: =IF(OR(A12="",O12="",NOT(ISNUMBER(C12))),0,IF((C12+H12)>12,G12*O12/1000,0)) -> 0 | AA12: =IF(OR(A12="",NOT(ISNUMBER(C12))),"",C12+H12+I12) -> 4.73 | AB12: =IF(OR(A12="",AA12=""),0,IFERROR(J12*AA12*VLOOKUP(K12,'TABELA DE PESOS'!$A$2:$B$9,2,FALSE()),0)) -> 44.78364 | AC12: =IF(OR(A12="",NOT(ISNUMBER(C12))),"",C12+H12+Y12) -> 4.73 | AD12: =IF(OR(A12="",AC12=""),0,IFERROR(L12*AC12*VLOOKUP(M12,'TABELA DE PESOS'!$A$2:$B$9,2,FALSE()),0)) -> 25.20144 | AE12: =IF(OR(A12="",NOT(ISNUMBER(C12))),"",C12+H12+Z12) -> 4.73 | AF12: =IF(OR(A12="",AE12=""),0,IFERROR(N12*AE12*VLOOKUP(O12,'TABELA DE PESOS'!$A$2:$B$9,2,FALSE()),0)) -> 0 | AG12: =IF(OR(A12="",P12="",NOT(ISNUMBER(C12))),0,P12*(INT(C12/R12)+1)) -> 20 | AH12: =IF(OR(A12="",P12=""),0,2*((D12-2*F12)+(E12-2*F12))/100+2*10*Q12/1000) -> 1.12 | AI12: =IF(OR(A12="",P12=""),0,IFERROR(AG12*AH12*VLOOKUP(Q12,'TABELA DE PESOS'!$A$2:$B$9,2,FALSE()),0)) -> 8.848 | AJ12: =IF(OR(A12="",S12="",NOT(ISNUMBER(C12))),0,S12*(INT(C12/U12)+1)) -> 0 | AK12: =IF(OR(A12="",S12=""),0,2*((D12-2*F12)+(E12-2*F12))/100+2*10*T12/1000) -> 0 | AL12: =IF(OR(A12="",S12=""),0,IFERROR(AJ12*AK12*VLOOKUP(T12,'TABELA DE PESOS'!$A$2:$B$9,2,FALSE()),0)) -> 0 | AM12: =IF(OR(A12="",V12="",NOT(ISNUMBER(C12))),0,V12*(INT(C12/X12)+1)) -> 0 | AN12: =IF(OR(A12="",V12=""),0,2*((D12-2*F12)+(E12-2*F12))/100+2*10*W12/1000) -> 0 | AO12: =IF(OR(A12="",V12=""),0,IFERROR(AM12*AN12*VLOOKUP(W12,'TABELA DE PESOS'!$A$2:$B$9,2,FALSE()),0)) -> 0 | AP12: =IF(A12="",0,AB12+AD12+AF12+AI12+AL12+AO12) -> 78.83308 | AQ12: =IF(OR(A12="",NOT(ISNUMBER(C12))),0,(D12/100)*(E12/100)*C12) -> 0.3144 | AR12: =IF(OR(A12="",NOT(ISNUMBER(C12))),0,2*(D12/100+E12/100)*C12) -> 4.716 | AS12: Piso 0 a Piso 1. Cinta retangular simples.
A13: P4-COB | B13: Cobertura | C13: =IF(B13<>"",IFERROR(VLOOKUP(B13,PISOS!A:D,4,0),"PENDENTE"),"") -> PENDENTE | D13: 20 | E13: 40 | F13: 3 | G13: 50 | H13: =IF(OR(A13="",K13=""),0,G13*K13/1000) -> 0.8 | I13: =IF(OR(A13="",K13="",NOT(ISNUMBER(C13))),0,IF((C13+H13)>12,G13*K13/1000,0)) -> 0 | J13: 6 | K13: 16 | L13: 6 | M13: 12 | P13: 1 | Q13: 8 | R13: 0.2 | Y13: =IF(OR(A13="",M13="",NOT(ISNUMBER(C13))),0,IF((C13+H13)>12,G13*M13/1000,0)) -> 0 | Z13: =IF(OR(A13="",O13="",NOT(ISNUMBER(C13))),0,IF((C13+H13)>12,G13*O13/1000,0)) -> 0 | AA13: =IF(OR(A13="",NOT(ISNUMBER(C13))),"",C13+H13+I13) | AB13: =IF(OR(A13="",AA13=""),0,IFERROR(J13*AA13*VLOOKUP(K13,'TABELA DE PESOS'!$A$2:$B$9,2,FALSE()),0)) -> 0 | AC13: =IF(OR(A13="",NOT(ISNUMBER(C13))),"",C13+H13+Y13) | AD13: =IF(OR(A13="",AC13=""),0,IFERROR(L13*AC13*VLOOKUP(M13,'TABELA DE PESOS'!$A$2:$B$9,2,FALSE()),0)) -> 0 | AE13: =IF(OR(A13="",NOT(ISNUMBER(C13))),"",C13+H13+Z13) | AF13: =IF(OR(A13="",AE13=""),0,IFERROR(N13*AE13*VLOOKUP(O13,'TABELA DE PESOS'!$A$2:$B$9,2,FALSE()),0)) -> 0 | AG13: =IF(OR(A13="",P13="",NOT(ISNUMBER(C13))),0,P13*(INT(C13/R13)+1)) -> 0 | AH13: =IF(OR(A13="",P13=""),0,2*((D13-2*F13)+(E13-2*F13))/100+2*10*Q13/1000) -> 1.12 | AI13: =IF(OR(A13="",P13=""),0,IFERROR(AG13*AH13*VLOOKUP(Q13,'TABELA DE PESOS'!$A$2:$B$9,2,FALSE()),0)) -> 0 | AJ13: =IF(OR(A13="",S13="",NOT(ISNUMBER(C13))),0,S13*(INT(C13/U13)+1)) -> 0 | AK13: =IF(OR(A13="",S13=""),0,2*((D13-2*F13)+(E13-2*F13))/100+2*10*T13/1000) -> 0 | AL13: =IF(OR(A13="",S13=""),0,IFERROR(AJ13*AK13*VLOOKUP(T13,'TABELA DE PESOS'!$A$2:$B$9,2,FALSE()),0)) -> 0 | AM13: =IF(OR(A13="",V13="",NOT(ISNUMBER(C13))),0,V13*(INT(C13/X13)+1)) -> 0 | AN13: =IF(OR(A13="",V13=""),0,2*((D13-2*F13)+(E13-2*F13))/100+2*10*W13/1000) -> 0 | AO13: =IF(OR(A13="",V13=""),0,IFERROR(AM13*AN13*VLOOKUP(W13,'TABELA DE PESOS'!$A$2:$B$9,2,FALSE()),0)) -> 0 | AP13: =IF(A13="",0,AB13+AD13+AF13+AI13+AL13+AO13) -> 0 | AQ13: =IF(OR(A13="",NOT(ISNUMBER(C13))),0,(D13/100)*(E13/100)*C13) -> 0 | AR13: =IF(OR(A13="",NOT(ISNUMBER(C13))),0,2*(D13/100+E13/100)*C13) -> 0 | AS13: Piso 1 a Cobertura. Cinta retangular simples.
A14: P5-P1 | B14: Piso 1 | C14: =IF(B14<>"",IFERROR(VLOOKUP(B14,PISOS!A:D,4,0),"PENDENTE"),"") -> 3.93 | D14: 20 | E14: 40 | F14: 3 | G14: 50 | H14: =IF(OR(A14="",K14=""),0,G14*K14/1000) -> 0.8 | I14: =IF(OR(A14="",K14="",NOT(ISNUMBER(C14))),0,IF((C14+H14)>12,G14*K14/1000,0)) -> 0 | J14: 6 | K14: 16 | L14: 6 | M14: 12 | P14: 1 | Q14: 8 | R14: 0.2 | Y14: =IF(OR(A14="",M14="",NOT(ISNUMBER(C14))),0,IF((C14+H14)>12,G14*M14/1000,0)) -> 0 | Z14: =IF(OR(A14="",O14="",NOT(ISNUMBER(C14))),0,IF((C14+H14)>12,G14*O14/1000,0)) -> 0 | AA14: =IF(OR(A14="",NOT(ISNUMBER(C14))),"",C14+H14+I14) -> 4.73 | AB14: =IF(OR(A14="",AA14=""),0,IFERROR(J14*AA14*VLOOKUP(K14,'TABELA DE PESOS'!$A$2:$B$9,2,FALSE()),0)) -> 44.78364 | AC14: =IF(OR(A14="",NOT(ISNUMBER(C14))),"",C14+H14+Y14) -> 4.73 | AD14: =IF(OR(A14="",AC14=""),0,IFERROR(L14*AC14*VLOOKUP(M14,'TABELA DE PESOS'!$A$2:$B$9,2,FALSE()),0)) -> 25.20144 | AE14: =IF(OR(A14="",NOT(ISNUMBER(C14))),"",C14+H14+Z14) -> 4.73 | AF14: =IF(OR(A14="",AE14=""),0,IFERROR(N14*AE14*VLOOKUP(O14,'TABELA DE PESOS'!$A$2:$B$9,2,FALSE()),0)) -> 0 | AG14: =IF(OR(A14="",P14="",NOT(ISNUMBER(C14))),0,P14*(INT(C14/R14)+1)) -> 20 | AH14: =IF(OR(A14="",P14=""),0,2*((D14-2*F14)+(E14-2*F14))/100+2*10*Q14/1000) -> 1.12 | AI14: =IF(OR(A14="",P14=""),0,IFERROR(AG14*AH14*VLOOKUP(Q14,'TABELA DE PESOS'!$A$2:$B$9,2,FALSE()),0)) -> 8.848 | AJ14: =IF(OR(A14="",S14="",NOT(ISNUMBER(C14))),0,S14*(INT(C14/U14)+1)) -> 0 | AK14: =IF(OR(A14="",S14=""),0,2*((D14-2*F14)+(E14-2*F14))/100+2*10*T14/1000) -> 0 | AL14: =IF(OR(A14="",S14=""),0,IFERROR(AJ14*AK14*VLOOKUP(T14,'TABELA DE PESOS'!$A$2:$B$9,2,FALSE()),0)) -> 0 | AM14: =IF(OR(A14="",V14="",NOT(ISNUMBER(C14))),0,V14*(INT(C14/X14)+1)) -> 0 | AN14: =IF(OR(A14="",V14=""),0,2*((D14-2*F14)+(E14-2*F14))/100+2*10*W14/1000) -> 0 | AO14: =IF(OR(A14="",V14=""),0,IFERROR(AM14*AN14*VLOOKUP(W14,'TABELA DE PESOS'!$A$2:$B$9,2,FALSE()),0)) -> 0 | AP14: =IF(A14="",0,AB14+AD14+AF14+AI14+AL14+AO14) -> 78.83308 | AQ14: =IF(OR(A14="",NOT(ISNUMBER(C14))),0,(D14/100)*(E14/100)*C14) -> 0.3144 | AR14: =IF(OR(A14="",NOT(ISNUMBER(C14))),0,2*(D14/100+E14/100)*C14) -> 4.716 | AS14: Piso 0 a Piso 1. Cinta retangular simples.
A15: P6-P0 | B15: Piso 0 | C15: =IF(B15<>"",IFERROR(VLOOKUP(B15,PISOS!A:D,4,0),"PENDENTE"),"") -> PENDENTE | D15: 30 | E15: 30 | F15: 3 | G15: 50 | H15: =IF(OR(A15="",K15=""),0,G15*K15/1000) -> 1 | I15: =IF(OR(A15="",K15="",NOT(ISNUMBER(C15))),0,IF((C15+H15)>12,G15*K15/1000,0)) -> 0 | J15: 8 | K15: 20 | L15: 4 | M15: 16 | P15: 1 | Q15: 8 | R15: 0.2 | Y15: =IF(OR(A15="",M15="",NOT(ISNUMBER(C15))),0,IF((C15+H15)>12,G15*M15/1000,0)) -> 0 | Z15: =IF(OR(A15="",O15="",NOT(ISNUMBER(C15))),0,IF((C15+H15)>12,G15*O15/1000,0)) -> 0 | AA15: =IF(OR(A15="",NOT(ISNUMBER(C15))),"",C15+H15+I15) | AB15: =IF(OR(A15="",AA15=""),0,IFERROR(J15*AA15*VLOOKUP(K15,'TABELA DE PESOS'!$A$2:$B$9,2,FALSE()),0)) -> 0 | AC15: =IF(OR(A15="",NOT(ISNUMBER(C15))),"",C15+H15+Y15) | AD15: =IF(OR(A15="",AC15=""),0,IFERROR(L15*AC15*VLOOKUP(M15,'TABELA DE PESOS'!$A$2:$B$9,2,FALSE()),0)) -> 0 | AE15: =IF(OR(A15="",NOT(ISNUMBER(C15))),"",C15+H15+Z15) | AF15: =IF(OR(A15="",AE15=""),0,IFERROR(N15*AE15*VLOOKUP(O15,'TABELA DE PESOS'!$A$2:$B$9,2,FALSE()),0)) -> 0 | AG15: =IF(OR(A15="",P15="",NOT(ISNUMBER(C15))),0,P15*(INT(C15/R15)+1)) -> 0 | AH15: =IF(OR(A15="",P15=""),0,2*((D15-2*F15)+(E15-2*F15))/100+2*10*Q15/1000) -> 1.12 | AI15: =IF(OR(A15="",P15=""),0,IFERROR(AG15*AH15*VLOOKUP(Q15,'TABELA DE PESOS'!$A$2:$B$9,2,FALSE()),0)) -> 0 | AJ15: =IF(OR(A15="",S15="",NOT(ISNUMBER(C15))),0,S15*(INT(C15/U15)+1)) -> 0 | AK15: =IF(OR(A15="",S15=""),0,2*((D15-2*F15)+(E15-2*F15))/100+2*10*T15/1000) -> 0 | AL15: =IF(OR(A15="",S15=""),0,IFERROR(AJ15*AK15*VLOOKUP(T15,'TABELA DE PESOS'!$A$2:$B$9,2,FALSE()),0)) -> 0 | AM15: =IF(OR(A15="",V15="",NOT(ISNUMBER(C15))),0,V15*(INT(C15/X15)+1)) -> 0 | AN15: =IF(OR(A15="",V15=""),0,2*((D15-2*F15)+(E15-2*F15))/100+2*10*W15/1000) -> 0 | AO15: =IF(OR(A15="",V15=""),0,IFERROR(AM15*AN15*VLOOKUP(W15,'TABELA DE PESOS'!$A$2:$B$9,2,FALSE()),0)) -> 0 | AP15: =IF(A15="",0,AB15+AD15+AF15+AI15+AL15+AO15) -> 0 | AQ15: =IF(OR(A15="",NOT(ISNUMBER(C15))),0,(D15/100)*(E15/100)*C15) -> 0 | AR15: =IF(OR(A15="",NOT(ISNUMBER(C15))),0,2*(D15/100+E15/100)*C15) -> 0 | AS15: Fundações a Piso 0. Cinta retangular. Encontro com parede no troço inferior.
A16: P6-P1 | B16: Piso 1 | C16: =IF(B16<>"",IFERROR(VLOOKUP(B16,PISOS!A:D,4,0),"PENDENTE"),"") -> 3.93 | D16: 30 | E16: 30 | F16: 3 | G16: 50 | H16: =IF(OR(A16="",K16=""),0,G16*K16/1000) -> 1 | I16: =IF(OR(A16="",K16="",NOT(ISNUMBER(C16))),0,IF((C16+H16)>12,G16*K16/1000,0)) -> 0 | J16: 8 | K16: 20 | L16: 4 | M16: 16 | P16: 1 | Q16: 8 | R16: 0.2 | Y16: =IF(OR(A16="",M16="",NOT(ISNUMBER(C16))),0,IF((C16+H16)>12,G16*M16/1000,0)) -> 0 | Z16: =IF(OR(A16="",O16="",NOT(ISNUMBER(C16))),0,IF((C16+H16)>12,G16*O16/1000,0)) -> 0 | AA16: =IF(OR(A16="",NOT(ISNUMBER(C16))),"",C16+H16+I16) -> 4.93 | AB16: =IF(OR(A16="",AA16=""),0,IFERROR(J16*AA16*VLOOKUP(K16,'TABELA DE PESOS'!$A$2:$B$9,2,FALSE()),0)) -> 97.25904 | AC16: =IF(OR(A16="",NOT(ISNUMBER(C16))),"",C16+H16+Y16) -> 4.93 | AD16: =IF(OR(A16="",AC16=""),0,IFERROR(L16*AC16*VLOOKUP(M16,'TABELA DE PESOS'!$A$2:$B$9,2,FALSE()),0)) -> 31.11816 | AE16: =IF(OR(A16="",NOT(ISNUMBER(C16))),"",C16+H16+Z16) -> 4.93 | AF16: =IF(OR(A16="",AE16=""),0,IFERROR(N16*AE16*VLOOKUP(O16,'TABELA DE PESOS'!$A$2:$B$9,2,FALSE()),0)) -> 0 | AG16: =IF(OR(A16="",P16="",NOT(ISNUMBER(C16))),0,P16*(INT(C16/R16)+1)) -> 20 | AH16: =IF(OR(A16="",P16=""),0,2*((D16-2*F16)+(E16-2*F16))/100+2*10*Q16/1000) -> 1.12 | AI16: =IF(OR(A16="",P16=""),0,IFERROR(AG16*AH16*VLOOKUP(Q16,'TABELA DE PESOS'!$A$2:$B$9,2,FALSE()),0)) -> 8.848 | AJ16: =IF(OR(A16="",S16="",NOT(ISNUMBER(C16))),0,S16*(INT(C16/U16)+1)) -> 0 | AK16: =IF(OR(A16="",S16=""),0,2*((D16-2*F16)+(E16-2*F16))/100+2*10*T16/1000) -> 0 | AL16: =IF(OR(A16="",S16=""),0,IFERROR(AJ16*AK16*VLOOKUP(T16,'TABELA DE PESOS'!$A$2:$B$9,2,FALSE()),0)) -> 0 | AM16: =IF(OR(A16="",V16="",NOT(ISNUMBER(C16))),0,V16*(INT(C16/X16)+1)) -> 0 | AN16: =IF(OR(A16="",V16=""),0,2*((D16-2*F16)+(E16-2*F16))/100+2*10*W16/1000) -> 0 | AO16: =IF(OR(A16="",V16=""),0,IFERROR(AM16*AN16*VLOOKUP(W16,'TABELA DE PESOS'!$A$2:$B$9,2,FALSE()),0)) -> 0 | AP16: =IF(A16="",0,AB16+AD16+AF16+AI16+AL16+AO16) -> 137.2252 | AQ16: =IF(OR(A16="",NOT(ISNUMBER(C16))),0,(D16/100)*(E16/100)*C16) -> 0.3537 | AR16: =IF(OR(A16="",NOT(ISNUMBER(C16))),0,2*(D16/100+E16/100)*C16) -> 4.716 | AS16: Piso 0 a Piso 1. Cinta retangular. Encontro com parede no troço inferior.
A17: P7-P0 | B17: Piso 0 | C17: =IF(B17<>"",IFERROR(VLOOKUP(B17,PISOS!A:D,4,0),"PENDENTE"),"") -> PENDENTE | D17: 50 | E17: 30 | F17: 3 | G17: 50 | H17: =IF(OR(A17="",K17=""),0,G17*K17/1000) -> 0.8 | I17: =IF(OR(A17="",K17="",NOT(ISNUMBER(C17))),0,IF((C17+H17)>12,G17*K17/1000,0)) -> 0 | J17: 10 | K17: 16 | P17: 1 | Q17: 8 | R17: 0.2 | Y17: =IF(OR(A17="",M17="",NOT(ISNUMBER(C17))),0,IF((C17+H17)>12,G17*M17/1000,0)) -> 0 | Z17: =IF(OR(A17="",O17="",NOT(ISNUMBER(C17))),0,IF((C17+H17)>12,G17*O17/1000,0)) -> 0 | AA17: =IF(OR(A17="",NOT(ISNUMBER(C17))),"",C17+H17+I17) | AB17: =IF(OR(A17="",AA17=""),0,IFERROR(J17*AA17*VLOOKUP(K17,'TABELA DE PESOS'!$A$2:$B$9,2,FALSE()),0)) -> 0 | AC17: =IF(OR(A17="",NOT(ISNUMBER(C17))),"",C17+H17+Y17) | AD17: =IF(OR(A17="",AC17=""),0,IFERROR(L17*AC17*VLOOKUP(M17,'TABELA DE PESOS'!$A$2:$B$9,2,FALSE()),0)) -> 0 | AE17: =IF(OR(A17="",NOT(ISNUMBER(C17))),"",C17+H17+Z17) | AF17: =IF(OR(A17="",AE17=""),0,IFERROR(N17*AE17*VLOOKUP(O17,'TABELA DE PESOS'!$A$2:$B$9,2,FALSE()),0)) -> 0 | AG17: =IF(OR(A17="",P17="",NOT(ISNUMBER(C17))),0,P17*(INT(C17/R17)+1)) -> 0 | AH17: =IF(OR(A17="",P17=""),0,2*((D17-2*F17)+(E17-2*F17))/100+2*10*Q17/1000) -> 1.52 | AI17: =IF(OR(A17="",P17=""),0,IFERROR(AG17*AH17*VLOOKUP(Q17,'TABELA DE PESOS'!$A$2:$B$9,2,FALSE()),0)) -> 0 | AJ17: =IF(OR(A17="",S17="",NOT(ISNUMBER(C17))),0,S17*(INT(C17/U17)+1)) -> 0 | AK17: =IF(OR(A17="",S17=""),0,2*((D17-2*F17)+(E17-2*F17))/100+2*10*T17/1000) -> 0 | AL17: =IF(OR(A17="",S17=""),0,IFERROR(AJ17*AK17*VLOOKUP(T17,'TABELA DE PESOS'!$A$2:$B$9,2,FALSE()),0)) -> 0 | AM17: =IF(OR(A17="",V17="",NOT(ISNUMBER(C17))),0,V17*(INT(C17/X17)+1)) -> 0 | AN17: =IF(OR(A17="",V17=""),0,2*((D17-2*F17)+(E17-2*F17))/100+2*10*W17/1000) -> 0 | AO17: =IF(OR(A17="",V17=""),0,IFERROR(AM17*AN17*VLOOKUP(W17,'TABELA DE PESOS'!$A$2:$B$9,2,FALSE()),0)) -> 0 | AP17: =IF(A17="",0,AB17+AD17+AF17+AI17+AL17+AO17) -> 0 | AQ17: =IF(OR(A17="",NOT(ISNUMBER(C17))),0,(D17/100)*(E17/100)*C17) -> 0 | AR17: =IF(OR(A17="",NOT(ISNUMBER(C17))),0,2*(D17/100+E17/100)*C17) -> 0 | AS17: Fundações a Piso 0. Cinta retangular. Encontro com parede. Seção base diferente (50×30).
A18: P7-P1 | B18: Piso 1 | C18: =IF(B18<>"",IFERROR(VLOOKUP(B18,PISOS!A:D,4,0),"PENDENTE"),"") -> 3.93 | D18: 30 | E18: 30 | F18: 3 | G18: 50 | H18: =IF(OR(A18="",K18=""),0,G18*K18/1000) -> 0.8 | I18: =IF(OR(A18="",K18="",NOT(ISNUMBER(C18))),0,IF((C18+H18)>12,G18*K18/1000,0)) -> 0 | J18: 7 | K18: 16 | P18: 1 | Q18: 8 | R18: 0.2 | Y18: =IF(OR(A18="",M18="",NOT(ISNUMBER(C18))),0,IF((C18+H18)>12,G18*M18/1000,0)) -> 0 | Z18: =IF(OR(A18="",O18="",NOT(ISNUMBER(C18))),0,IF((C18+H18)>12,G18*O18/1000,0)) -> 0 | AA18: =IF(OR(A18="",NOT(ISNUMBER(C18))),"",C18+H18+I18) -> 4.73 | AB18: =IF(OR(A18="",AA18=""),0,IFERROR(J18*AA18*VLOOKUP(K18,'TABELA DE PESOS'!$A$2:$B$9,2,FALSE()),0)) -> 52.24758 | AC18: =IF(OR(A18="",NOT(ISNUMBER(C18))),"",C18+H18+Y18) -> 4.73 | AD18: =IF(OR(A18="",AC18=""),0,IFERROR(L18*AC18*VLOOKUP(M18,'TABELA DE PESOS'!$A$2:$B$9,2,FALSE()),0)) -> 0 | AE18: =IF(OR(A18="",NOT(ISNUMBER(C18))),"",C18+H18+Z18) -> 4.73 | AF18: =IF(OR(A18="",AE18=""),0,IFERROR(N18*AE18*VLOOKUP(O18,'TABELA DE PESOS'!$A$2:$B$9,2,FALSE()),0)) -> 0 | AG18: =IF(OR(A18="",P18="",NOT(ISNUMBER(C18))),0,P18*(INT(C18/R18)+1)) -> 20 | AH18: =IF(OR(A18="",P18=""),0,PI()*(D18-2*F18)/100+2*10*Q18/1000) -> 0.91398224 | AI18: =IF(OR(A18="",P18=""),0,IFERROR(AG18*AH18*VLOOKUP(Q18,'TABELA DE PESOS'!$A$2:$B$9,2,FALSE()),0)) -> 7.2204597 | AJ18: =IF(OR(A18="",S18="",NOT(ISNUMBER(C18))),0,S18*(INT(C18/U18)+1)) -> 0 | AK18: =IF(OR(A18="",S18=""),0,PI()*(D18-2*F18)/100+2*10*T18/1000) -> 0 | AL18: =IF(OR(A18="",S18=""),0,IFERROR(AJ18*AK18*VLOOKUP(T18,'TABELA DE PESOS'!$A$2:$B$9,2,FALSE()),0)) -> 0 | AM18: =IF(OR(A18="",V18="",NOT(ISNUMBER(C18))),0,V18*(INT(C18/X18)+1)) -> 0 | AN18: =IF(OR(A18="",V18=""),0,PI()*(D18-2*F18)/100+2*10*W18/1000) -> 0 | AO18: =IF(OR(A18="",V18=""),0,IFERROR(AM18*AN18*VLOOKUP(W18,'TABELA DE PESOS'!$A$2:$B$9,2,FALSE()),0)) -> 0 | AP18: =IF(A18="",0,AB18+AD18+AF18+AI18+AL18+AO18) -> 59.46804 | AQ18: =IF(OR(A18="",NOT(ISNUMBER(C18))),0,PI()*(D18/200)^2*C18) -> 0.27779533 | AR18: =IF(OR(A18="",NOT(ISNUMBER(C18))),0,PI()*(D18/100)*C18) -> 3.7039377 | AS18: Piso 0 a Piso 1. Cinta circular Ø30. Mapa não identifica espiral contínua.
A19: P7-COB | B19: Cobertura | C19: =IF(B19<>"",IFERROR(VLOOKUP(B19,PISOS!A:D,4,0),"PENDENTE"),"") -> PENDENTE | D19: 30 | E19: 30 | F19: 3 | G19: 50 | H19: =IF(OR(A19="",K19=""),0,G19*K19/1000) -> 0.8 | I19: =IF(OR(A19="",K19="",NOT(ISNUMBER(C19))),0,IF((C19+H19)>12,G19*K19/1000,0)) -> 0 | J19: 7 | K19: 16 | P19: 1 | Q19: 8 | R19: 0.2 | Y19: =IF(OR(A19="",M19="",NOT(ISNUMBER(C19))),0,IF((C19+H19)>12,G19*M19/1000,0)) -> 0 | Z19: =IF(OR(A19="",O19="",NOT(ISNUMBER(C19))),0,IF((C19+H19)>12,G19*O19/1000,0)) -> 0 | AA19: =IF(OR(A19="",NOT(ISNUMBER(C19))),"",C19+H19+I19) | AB19: =IF(OR(A19="",AA19=""),0,IFERROR(J19*AA19*VLOOKUP(K19,'TABELA DE PESOS'!$A$2:$B$9,2,FALSE()),0)) -> 0 | AC19: =IF(OR(A19="",NOT(ISNUMBER(C19))),"",C19+H19+Y19) | AD19: =IF(OR(A19="",AC19=""),0,IFERROR(L19*AC19*VLOOKUP(M19,'TABELA DE PESOS'!$A$2:$B$9,2,FALSE()),0)) -> 0 | AE19: =IF(OR(A19="",NOT(ISNUMBER(C19))),"",C19+H19+Z19) | AF19: =IF(OR(A19="",AE19=""),0,IFERROR(N19*AE19*VLOOKUP(O19,'TABELA DE PESOS'!$A$2:$B$9,2,FALSE()),0)) -> 0 | AG19: =IF(OR(A19="",P19="",NOT(ISNUMBER(C19))),0,P19*(INT(C19/R19)+1)) -> 0 | AH19: =IF(OR(A19="",P19=""),0,PI()*(D19-2*F19)/100+2*10*Q19/1000) -> 0.91398224 | AI19: =IF(OR(A19="",P19=""),0,IFERROR(AG19*AH19*VLOOKUP(Q19,'TABELA DE PESOS'!$A$2:$B$9,2,FALSE()),0)) -> 0 | AJ19: =IF(OR(A19="",S19="",NOT(ISNUMBER(C19))),0,S19*(INT(C19/U19)+1)) -> 0 | AK19: =IF(OR(A19="",S19=""),0,PI()*(D19-2*F19)/100+2*10*T19/1000) -> 0 | AL19: =IF(OR(A19="",S19=""),0,IFERROR(AJ19*AK19*VLOOKUP(T19,'TABELA DE PESOS'!$A$2:$B$9,2,FALSE()),0)) -> 0 | AM19: =IF(OR(A19="",V19="",NOT(ISNUMBER(C19))),0,V19*(INT(C19/X19)+1)) -> 0 | AN19: =IF(OR(A19="",V19=""),0,PI()*(D19-2*F19)/100+2*10*W19/1000) -> 0 | AO19: =IF(OR(A19="",V19=""),0,IFERROR(AM19*AN19*VLOOKUP(W19,'TABELA DE PESOS'!$A$2:$B$9,2,FALSE()),0)) -> 0 | AP19: =IF(A19="",0,AB19+AD19+AF19+AI19+AL19+AO19) -> 0 | AQ19: =IF(OR(A19="",NOT(ISNUMBER(C19))),0,PI()*(D19/200)^2*C19) -> 0 | AR19: =IF(OR(A19="",NOT(ISNUMBER(C19))),0,PI()*(D19/100)*C19) -> 0 | AS19: Piso 1 a Cobertura. Cinta circular Ø30. Mapa não identifica espiral contínua.
A20: P8-P0 | B20: Piso 0 | C20: =IF(B20<>"",IFERROR(VLOOKUP(B20,PISOS!A:D,4,0),"PENDENTE"),"") -> PENDENTE | D20: 30 | E20: 60 | F20: 3 | G20: 50 | H20: =IF(OR(A20="",K20=""),0,G20*K20/1000) -> 0.8 | I20: =IF(OR(A20="",K20="",NOT(ISNUMBER(C20))),0,IF((C20+H20)>12,G20*K20/1000,0)) -> 0 | J20: 6 | K20: 16 | L20: 10 | M20: 12 | P20: 1 | Q20: 8 | R20: 0.2 | S20: 1 | T20: 8 | U20: 0.2 | Y20: =IF(OR(A20="",M20="",NOT(ISNUMBER(C20))),0,IF((C20+H20)>12,G20*M20/1000,0)) -> 0 | Z20: =IF(OR(A20="",O20="",NOT(ISNUMBER(C20))),0,IF((C20+H20)>12,G20*O20/1000,0)) -> 0 | AA20: =IF(OR(A20="",NOT(ISNUMBER(C20))),"",C20+H20+I20) | AB20: =IF(OR(A20="",AA20=""),0,IFERROR(J20*AA20*VLOOKUP(K20,'TABELA DE PESOS'!$A$2:$B$9,2,FALSE()),0)) -> 0 | AC20: =IF(OR(A20="",NOT(ISNUMBER(C20))),"",C20+H20+Y20) | AD20: =IF(OR(A20="",AC20=""),0,IFERROR(L20*AC20*VLOOKUP(M20,'TABELA DE PESOS'!$A$2:$B$9,2,FALSE()),0)) -> 0 | AE20: =IF(OR(A20="",NOT(ISNUMBER(C20))),"",C20+H20+Z20) | AF20: =IF(OR(A20="",AE20=""),0,IFERROR(N20*AE20*VLOOKUP(O20,'TABELA DE PESOS'!$A$2:$B$9,2,FALSE()),0)) -> 0 | AG20: =IF(OR(A20="",P20="",NOT(ISNUMBER(C20))),0,P20*(INT(C20/R20)+1)) -> 0 | AH20: =IF(OR(A20="",P20=""),0,2*((D20-2*F20)+(E20-2*F20))/100+2*10*Q20/1000) -> 1.72 | AI20: =IF(OR(A20="",P20=""),0,IFERROR(AG20*AH20*VLOOKUP(Q20,'TABELA DE PESOS'!$A$2:$B$9,2,FALSE()),0)) -> 0 | AJ20: =IF(OR(A20="",S20="",NOT(ISNUMBER(C20))),0,S20*(INT(C20/U20)+1)) -> 0 | AK20: =IF(OR(A20="",S20=""),0,2*((D20-2*F20)+(E20-2*F20))/100+2*10*T20/1000) -> 1.72 | AL20: =IF(OR(A20="",S20=""),0,IFERROR(AJ20*AK20*VLOOKUP(T20,'TABELA DE PESOS'!$A$2:$B$9,2,FALSE()),0)) -> 0 | AM20: =IF(OR(A20="",V20="",NOT(ISNUMBER(C20))),0,V20*(INT(C20/X20)+1)) -> 0 | AN20: =IF(OR(A20="",V20=""),0,2*((D20-2*F20)+(E20-2*F20))/100+2*10*W20/1000) -> 0 | AO20: =IF(OR(A20="",V20=""),0,IFERROR(AM20*AN20*VLOOKUP(W20,'TABELA DE PESOS'!$A$2:$B$9,2,FALSE()),0)) -> 0 | AP20: =IF(A20="",0,AB20+AD20+AF20+AI20+AL20+AO20) -> 0 | AQ20: =IF(OR(A20="",NOT(ISNUMBER(C20))),0,(D20/100)*(E20/100)*C20) -> 0 | AR20: =IF(OR(A20="",NOT(ISNUMBER(C20))),0,2*(D20/100+E20/100)*C20) -> 0 | AS20: Fundações a Piso 0. Cinta exterior e cinta interior fechada. Contagem cintas exige zonas a/2.
A21: P8-P1 | B21: Piso 1 | C21: 3.9 | D21: 30 | E21: 60 | F21: 3 | G21: 50 | H21: =IF(OR(A21="",K21=""),0,G21*K21/1000) -> 0.8 | I21: =IF(OR(A21="",K21="",NOT(ISNUMBER(C21))),0,IF((C21+H21)>12,G21*K21/1000,0)) -> 0 | J21: 6 | K21: 16 | L21: 10 | M21: 12 | P21: 1 | Q21: 8 | R21: 0.2 | S21: 1 | T21: 8 | U21: 0.2 | Y21: =IF(OR(A21="",M21="",NOT(ISNUMBER(C21))),0,IF((C21+H21)>12,G21*M21/1000,0)) -> 0 | Z21: =IF(OR(A21="",O21="",NOT(ISNUMBER(C21))),0,IF((C21+H21)>12,G21*O21/1000,0)) -> 0 | AA21: =IF(OR(A21="",NOT(ISNUMBER(C21))),"",C21+H21+I21) -> 4.7 | AB21: =IF(OR(A21="",AA21=""),0,IFERROR(J21*AA21*VLOOKUP(K21,'TABELA DE PESOS'!$A$2:$B$9,2,FALSE()),0)) -> 44.4996 | AC21: =IF(OR(A21="",NOT(ISNUMBER(C21))),"",C21+H21+Y21) -> 4.7 | AD21: =IF(OR(A21="",AC21=""),0,IFERROR(L21*AC21*VLOOKUP(M21,'TABELA DE PESOS'!$A$2:$B$9,2,FALSE()),0)) -> 41.736 | AE21: =IF(OR(A21="",NOT(ISNUMBER(C21))),"",C21+H21+Z21) -> 4.7 | AF21: =IF(OR(A21="",AE21=""),0,IFERROR(N21*AE21*VLOOKUP(O21,'TABELA DE PESOS'!$A$2:$B$9,2,FALSE()),0)) -> 0 | AG21: =IF(OR(A21="",P21="",NOT(ISNUMBER(C21))),0,P21*(INT(C21/R21)+1)) -> 20 | AH21: =IF(OR(A21="",P21=""),0,2*((D21-2*F21)+(E21-2*F21))/100+2*10*Q21/1000) -> 1.72 | AI21: =IF(OR(A21="",P21=""),0,IFERROR(AG21*AH21*VLOOKUP(Q21,'TABELA DE PESOS'!$A$2:$B$9,2,FALSE()),0)) -> 13.588 | AJ21: =IF(OR(A21="",S21="",NOT(ISNUMBER(C21))),0,S21*(INT(C21/U21)+1)) -> 20 | AK21: =IF(OR(A21="",S21=""),0,2*((D21-2*F21)+(E21-2*F21))/100+2*10*T21/1000) -> 1.72 | AL21: =IF(OR(A21="",S21=""),0,IFERROR(AJ21*AK21*VLOOKUP(T21,'TABELA DE PESOS'!$A$2:$B$9,2,FALSE()),0)) -> 13.588 | AM21: =IF(OR(A21="",V21="",NOT(ISNUMBER(C21))),0,V21*(INT(C21/X21)+1)) -> 0 | AN21: =IF(OR(A21="",V21=""),0,2*((D21-2*F21)+(E21-2*F21))/100+2*10*W21/1000) -> 0 | AO21: =IF(OR(A21="",V21=""),0,IFERROR(AM21*AN21*VLOOKUP(W21,'TABELA DE PESOS'!$A$2:$B$9,2,FALSE()),0)) -> 0 | AP21: =IF(A21="",0,AB21+AD21+AF21+AI21+AL21+AO21) -> 113.4116 | AQ21: =IF(OR(A21="",NOT(ISNUMBER(C21))),0,(D21/100)*(E21/100)*C21) -> 0.702 | AR21: =IF(OR(A21="",NOT(ISNUMBER(C21))),0,2*(D21/100+E21/100)*C21) -> 7.02 | AS21: Piso 0 a Piso 1. H=3,90 m confirmada. Cinta exterior e interior fechada.
A22: P9-COB | B22: Cobertura | C22: =IF(B22<>"",IFERROR(VLOOKUP(B22,PISOS!A:D,4,0),"PENDENTE"),"") -> PENDENTE | D22: 130 | E22: 20 | F22: 3 | G22: 50 | H22: =IF(OR(A22="",K22=""),0,G22*K22/1000) -> 0.8 | I22: =IF(OR(A22="",K22="",NOT(ISNUMBER(C22))),0,IF((C22+H22)>12,G22*K22/1000,0)) -> 0 | J22: 16 | K22: 16 | L22: 14 | M22: 10 | P22: 1 | Q22: 8 | R22: 0.2 | Y22: =IF(OR(A22="",M22="",NOT(ISNUMBER(C22))),0,IF((C22+H22)>12,G22*M22/1000,0)) -> 0 | Z22: =IF(OR(A22="",O22="",NOT(ISNUMBER(C22))),0,IF((C22+H22)>12,G22*O22/1000,0)) -> 0 | AA22: =IF(OR(A22="",NOT(ISNUMBER(C22))),"",C22+H22+I22) | AB22: =IF(OR(A22="",AA22=""),0,IFERROR(J22*AA22*VLOOKUP(K22,'TABELA DE PESOS'!$A$2:$B$9,2,FALSE()),0)) -> 0 | AC22: =IF(OR(A22="",NOT(ISNUMBER(C22))),"",C22+H22+Y22) | AD22: =IF(OR(A22="",AC22=""),0,IFERROR(L22*AC22*VLOOKUP(M22,'TABELA DE PESOS'!$A$2:$B$9,2,FALSE()),0)) -> 0 | AE22: =IF(OR(A22="",NOT(ISNUMBER(C22))),"",C22+H22+Z22) | AF22: =IF(OR(A22="",AE22=""),0,IFERROR(N22*AE22*VLOOKUP(O22,'TABELA DE PESOS'!$A$2:$B$9,2,FALSE()),0)) -> 0 | AG22: =IF(OR(A22="",P22="",NOT(ISNUMBER(C22))),0,P22*(INT(C22/R22)+1)) -> 0 | AH22: =IF(OR(A22="",P22=""),0,2*((D22-2*F22)+(E22-2*F22))/100+2*10*Q22/1000) -> 2.92 | AI22: =IF(OR(A22="",P22=""),0,IFERROR(AG22*AH22*VLOOKUP(Q22,'TABELA DE PESOS'!$A$2:$B$9,2,FALSE()),0)) -> 0 | AJ22: =IF(OR(A22="",S22="",NOT(ISNUMBER(C22))),0,S22*(INT(C22/U22)+1)) -> 0 | AK22: =IF(OR(A22="",S22=""),0,2*((D22-2*F22)+(E22-2*F22))/100+2*10*T22/1000) -> 0 | AL22: =IF(OR(A22="",S22=""),0,IFERROR(AJ22*AK22*VLOOKUP(T22,'TABELA DE PESOS'!$A$2:$B$9,2,FALSE()),0)) -> 0 | AM22: =IF(OR(A22="",V22="",NOT(ISNUMBER(C22))),0,V22*(INT(C22/X22)+1)) -> 0 | AN22: =IF(OR(A22="",V22=""),0,2*((D22-2*F22)+(E22-2*F22))/100+2*10*W22/1000) -> 0 | AO22: =IF(OR(A22="",V22=""),0,IFERROR(AM22*AN22*VLOOKUP(W22,'TABELA DE PESOS'!$A$2:$B$9,2,FALSE()),0)) -> 0 | AP22: =IF(A22="",0,AB22+AD22+AF22+AI22+AL22+AO22) -> 0 | AQ22: =IF(OR(A22="",NOT(ISNUMBER(C22))),0,(D22/100)*(E22/100)*C22) -> 0 | AR22: =IF(OR(A22="",NOT(ISNUMBER(C22))),0,2*(D22/100+E22/100)*C22) -> 0 | AS22: Piso 1 a Cobertura. PENDENTE – cintas sobrepostas: confirmar decomposição e cortes no mapa de dobragem.
A23: P10-COB | B23: Cobertura | C23: =IF(B23<>"",IFERROR(VLOOKUP(B23,PISOS!A:D,4,0),"PENDENTE"),"") -> PENDENTE | D23: 20 | E23: 100 | F23: 3 | G23: 50 | H23: =IF(OR(A23="",K23=""),0,G23*K23/1000) -> 0.8 | I23: =IF(OR(A23="",K23="",NOT(ISNUMBER(C23))),0,IF((C23+H23)>12,G23*K23/1000,0)) -> 0 | J23: 24 | K23: 16 | P23: 1 | Q23: 8 | R23: 0.2 | Y23: =IF(OR(A23="",M23="",NOT(ISNUMBER(C23))),0,IF((C23+H23)>12,G23*M23/1000,0)) -> 0 | Z23: =IF(OR(A23="",O23="",NOT(ISNUMBER(C23))),0,IF((C23+H23)>12,G23*O23/1000,0)) -> 0 | AA23: =IF(OR(A23="",NOT(ISNUMBER(C23))),"",C23+H23+I23) | AB23: =IF(OR(A23="",AA23=""),0,IFERROR(J23*AA23*VLOOKUP(K23,'TABELA DE PESOS'!$A$2:$B$9,2,FALSE()),0)) -> 0 | AC23: =IF(OR(A23="",NOT(ISNUMBER(C23))),"",C23+H23+Y23) | AD23: =IF(OR(A23="",AC23=""),0,IFERROR(L23*AC23*VLOOKUP(M23,'TABELA DE PESOS'!$A$2:$B$9,2,FALSE()),0)) -> 0 | AE23: =IF(OR(A23="",NOT(ISNUMBER(C23))),"",C23+H23+Z23) | AF23: =IF(OR(A23="",AE23=""),0,IFERROR(N23*AE23*VLOOKUP(O23,'TABELA DE PESOS'!$A$2:$B$9,2,FALSE()),0)) -> 0 | AG23: =IF(OR(A23="",P23="",NOT(ISNUMBER(C23))),0,P23*(INT(C23/R23)+1)) -> 0 | AH23: =IF(OR(A23="",P23=""),0,2*((D23-2*F23)+(E23-2*F23))/100+2*10*Q23/1000) -> 2.32 | AI23: =IF(OR(A23="",P23=""),0,IFERROR(AG23*AH23*VLOOKUP(Q23,'TABELA DE PESOS'!$A$2:$B$9,2,FALSE()),0)) -> 0 | AJ23: =IF(OR(A23="",S23="",NOT(ISNUMBER(C23))),0,S23*(INT(C23/U23)+1)) -> 0 | AK23: =IF(OR(A23="",S23=""),0,2*((D23-2*F23)+(E23-2*F23))/100+2*10*T23/1000) -> 0 | AL23: =IF(OR(A23="",S23=""),0,IFERROR(AJ23*AK23*VLOOKUP(T23,'TABELA DE PESOS'!$A$2:$B$9,2,FALSE()),0)) -> 0 | AM23: =IF(OR(A23="",V23="",NOT(ISNUMBER(C23))),0,V23*(INT(C23/X23)+1)) -> 0 | AN23: =IF(OR(A23="",V23=""),0,2*((D23-2*F23)+(E23-2*F23))/100+2*10*W23/1000) -> 0 | AO23: =IF(OR(A23="",V23=""),0,IFERROR(AM23*AN23*VLOOKUP(W23,'TABELA DE PESOS'!$A$2:$B$9,2,FALSE()),0)) -> 0 | AP23: =IF(A23="",0,AB23+AD23+AF23+AI23+AL23+AO23) -> 0 | AQ23: =IF(OR(A23="",NOT(ISNUMBER(C23))),0,(D23/100)*(E23/100)*C23) -> 0 | AR23: =IF(OR(A23="",NOT(ISNUMBER(C23))),0,2*(D23/100+E23/100)*C23) -> 0 | AS23: Piso 1 a Cobertura. PENDENTE – cintas sobrepostas: confirmar decomposição.
A24: P11-COB | B24: Cobertura | C24: =IF(B24<>"",IFERROR(VLOOKUP(B24,PISOS!A:D,4,0),"PENDENTE"),"") -> PENDENTE | D24: 20 | E24: 80 | F24: 3 | G24: 50 | H24: =IF(OR(A24="",K24=""),0,G24*K24/1000) -> 0.8 | I24: =IF(OR(A24="",K24="",NOT(ISNUMBER(C24))),0,IF((C24+H24)>12,G24*K24/1000,0)) -> 0 | J24: 8 | K24: 16 | L24: 12 | M24: 12 | P24: 1 | Q24: 8 | R24: 0.2 | Y24: =IF(OR(A24="",M24="",NOT(ISNUMBER(C24))),0,IF((C24+H24)>12,G24*M24/1000,0)) -> 0 | Z24: =IF(OR(A24="",O24="",NOT(ISNUMBER(C24))),0,IF((C24+H24)>12,G24*O24/1000,0)) -> 0 | AA24: =IF(OR(A24="",NOT(ISNUMBER(C24))),"",C24+H24+I24) | AB24: =IF(OR(A24="",AA24=""),0,IFERROR(J24*AA24*VLOOKUP(K24,'TABELA DE PESOS'!$A$2:$B$9,2,FALSE()),0)) -> 0 | AC24: =IF(OR(A24="",NOT(ISNUMBER(C24))),"",C24+H24+Y24) | AD24: =IF(OR(A24="",AC24=""),0,IFERROR(L24*AC24*VLOOKUP(M24,'TABELA DE PESOS'!$A$2:$B$9,2,FALSE()),0)) -> 0 | AE24: =IF(OR(A24="",NOT(ISNUMBER(C24))),"",C24+H24+Z24) | AF24: =IF(OR(A24="",AE24=""),0,IFERROR(N24*AE24*VLOOKUP(O24,'TABELA DE PESOS'!$A$2:$B$9,2,FALSE()),0)) -> 0 | AG24: =IF(OR(A24="",P24="",NOT(ISNUMBER(C24))),0,P24*(INT(C24/R24)+1)) -> 0 | AH24: =IF(OR(A24="",P24=""),0,2*((D24-2*F24)+(E24-2*F24))/100+2*10*Q24/1000) -> 1.92 | AI24: =IF(OR(A24="",P24=""),0,IFERROR(AG24*AH24*VLOOKUP(Q24,'TABELA DE PESOS'!$A$2:$B$9,2,FALSE()),0)) -> 0 | AJ24: =IF(OR(A24="",S24="",NOT(ISNUMBER(C24))),0,S24*(INT(C24/U24)+1)) -> 0 | AK24: =IF(OR(A24="",S24=""),0,2*((D24-2*F24)+(E24-2*F24))/100+2*10*T24/1000) -> 0 | AL24: =IF(OR(A24="",S24=""),0,IFERROR(AJ24*AK24*VLOOKUP(T24,'TABELA DE PESOS'!$A$2:$B$9,2,FALSE()),0)) -> 0 | AM24: =IF(OR(A24="",V24="",NOT(ISNUMBER(C24))),0,V24*(INT(C24/X24)+1)) -> 0 | AN24: =IF(OR(A24="",V24=""),0,2*((D24-2*F24)+(E24-2*F24))/100+2*10*W24/1000) -> 0 | AO24: =IF(OR(A24="",V24=""),0,IFERROR(AM24*AN24*VLOOKUP(W24,'TABELA DE PESOS'!$A$2:$B$9,2,FALSE()),0)) -> 0 | AP24: =IF(A24="",0,AB24+AD24+AF24+AI24+AL24+AO24) -> 0 | AQ24: =IF(OR(A24="",NOT(ISNUMBER(C24))),0,(D24/100)*(E24/100)*C24) -> 0 | AR24: =IF(OR(A24="",NOT(ISNUMBER(C24))),0,2*(D24/100+E24/100)*C24) -> 0 | AS24: Piso 1 a Cobertura. PENDENTE – cintas sobrepostas: confirmar decomposição.
F25: 2.5 | G25: 50 | H25: =IF(OR(A25="",K25=""),0,G25*K25/1000) -> 0 | I25: =IF(OR(A25="",K25="",NOT(ISNUMBER(C25))),0,IF((C25+H25)>12,G25*K25/1000,0)) -> 0 | Y25: =IF(OR(A25="",M25="",NOT(ISNUMBER(C25))),0,IF((C25+H25)>12,G25*M25/1000,0)) -> 0 | Z25: =IF(OR(A25="",O25="",NOT(ISNUMBER(C25))),0,IF((C25+H25)>12,G25*O25/1000,0)) -> 0 | AA25: =IF(OR(A25="",NOT(ISNUMBER(C25))),"",C25+H25+I25) | AB25: =IF(OR(A25="",AA25=""),0,IFERROR(J25*AA25*VLOOKUP(K25,'TABELA DE PESOS'!$A$2:$B$9,2,FALSE()),0)) -> 0 | AC25: =IF(OR(A25="",NOT(ISNUMBER(C25))),"",C25+H25+Y25) | AD25: =IF(OR(A25="",AC25=""),0,IFERROR(L25*AC25*VLOOKUP(M25,'TABELA DE PESOS'!$A$2:$B$9,2,FALSE()),0)) -> 0 | AE25: =IF(OR(A25="",NOT(ISNUMBER(C25))),"",C25+H25+Z25) | AF25: =IF(OR(A25="",AE25=""),0,IFERROR(N25*AE25*VLOOKUP(O25,'TABELA DE PESOS'!$A$2:$B$9,2,FALSE()),0)) -> 0 | AG25: =IF(OR(A25="",P25="",NOT(ISNUMBER(C25))),0,P25*(INT(C25/R25)+1)) -> 0 | AH25: =IF(OR(A25="",P25=""),0,2*((D25-2*F25)+(E25-2*F25))/100+2*10*Q25/1000) -> 0 | AI25: =IF(OR(A25="",P25=""),0,IFERROR(AG25*AH25*VLOOKUP(Q25,'TABELA DE PESOS'!$A$2:$B$9,2,FALSE()),0)) -> 0 | AJ25: =IF(OR(A25="",S25="",NOT(ISNUMBER(C25))),0,S25*(INT(C25/U25)+1)) -> 0 | AK25: =IF(OR(A25="",S25=""),0,2*((D25-2*F25)+(E25-2*F25))/100+2*10*T25/1000) -> 0 | AL25: =IF(OR(A25="",S25=""),0,IFERROR(AJ25*AK25*VLOOKUP(T25,'TABELA DE PESOS'!$A$2:$B$9,2,FALSE()),0)) -> 0 | AM25: =IF(OR(A25="",V25="",NOT(ISNUMBER(C25))),0,V25*(INT(C25/X25)+1)) -> 0 | AN25: =IF(OR(A25="",V25=""),0,2*((D25-2*F25)+(E25-2*F25))/100+2*10*W25/1000) -> 0 | AO25: =IF(OR(A25="",V25=""),0,IFERROR(AM25*AN25*VLOOKUP(W25,'TABELA DE PESOS'!$A$2:$B$9,2,FALSE()),0)) -> 0 | AP25: =IF(A25="",0,AB25+AD25+AF25+AI25+AL25+AO25) -> 0 | AQ25: =IF(OR(A25="",NOT(ISNUMBER(C25))),0,(D25/100)*(E25/100)*C25) -> 0 | AR25: =IF(OR(A25="",NOT(ISNUMBER(C25))),0,2*(D25/100+E25/100)*C25) -> 0
A26: TOTAL GERAL | AB26: =SUM(AB6:AB25) -> 537.34746 | AD26: =SUM(AD6:AD25) -> 165.25944 | AF26: =SUM(AF6:AF25) -> 0 | AI26: =SUM(AI6:AI25) -> 77.68846 | AL26: =SUM(AL6:AL25) -> 43.924 | AO26: =SUM(AO6:AO25) -> 0 | AP26: =SUM(AP6:AP25) -> 824.21936 | AQ26: =SUM(AQ6:AQ25) -> 3.7700953 | AR26: =SUM(AR6:AR25) -> 40.591938

Sheet SAPATAS
A1: LEVANTAMENTO DE MATERIAIS — SAPATAS
A2: Azul = entrada manual | Verde = fórmula calculada | Amarelo = resultado final | Vermelho = PENDENTE
A3: GEOMETRIA / DADOS | F3: ARMADURA — DADOS | L3: ARM. INFERIOR (Ai) | R3: ARM. SUPERIOR (As) | X3: ARM. BORDO (Ab) | Z3: FERRO | AA3: BETÃO | AC3: COFRAG.
A4: Tipo | B4: A (m) | C4: B (m) | D4: H (m) | E4: Cob. (m) | F4: Ø Ai (mm) | G4: Esp. Ai (m) | H4: Ø As (mm) | I4: Esp. As (m) | J4: Ø Ab (mm) | K4: n Ab (bar/face) | L4: n Ai dir A | M4: L Ai A (m) | N4: n Ai dir B | O4: L Ai B (m) | P4: Comp. Ai (m) | Q4: Peso Ai (kg) | R4: n As dir A | S4: L As A (m) | T4: n As dir B | U4: L As B (m) | V4: Comp. As (m) | W4: Peso As (kg) | X4: Comp. Ab (m) | Y4: Peso Ab (kg) | Z4: PESO FERRO (kg) | AA4: Betão (m³) | AB4: Bet. Limp. (m³) | AC4: Cofrag. (m²)
A5: S1 | B5: 4 | C5: 3.3 | D5: 0.4 | E5: 0.05 | F5: 12 | G5: 0.15 | H5: 10 | I5: 0.15 | J5: 8 | K5: 2 | L5: =IF(OR(NOT(ISNUMBER(B5)),NOT(ISNUMBER(C5))),0,INT((C5-2*E5)/G5)+1) -> 22 | M5: =IF(OR(NOT(ISNUMBER(B5)),NOT(ISNUMBER(C5))),"",B5-2*E5+IF(B5-2*E5>12,50*F5/1000,0)) -> 3.9 | N5: =IF(OR(NOT(ISNUMBER(B5)),NOT(ISNUMBER(C5))),0,INT((B5-2*E5)/G5)+1) -> 27 | O5: =IF(OR(NOT(ISNUMBER(B5)),NOT(ISNUMBER(C5))),"",C5-2*E5+IF(C5-2*E5>12,50*F5/1000,0)) -> 3.2 | P5: =IF(OR(NOT(ISNUMBER(B5)),NOT(ISNUMBER(C5))),0,L5*M5+N5*O5) -> 172.2 | Q5: =IF(P5=0,0,IFERROR(P5*VLOOKUP(F5,'TABELA DE PESOS'!$A$2:$B$9,2,FALSE()),0)) -> 152.9136 | R5: =IF(OR(NOT(ISNUMBER(B5)),NOT(ISNUMBER(C5))),0,INT((C5-2*E5)/I5)+1) -> 22 | S5: =IF(OR(NOT(ISNUMBER(B5)),NOT(ISNUMBER(C5))),"",B5-2*E5+IF(B5-2*E5>12,50*H5/1000,0)) -> 3.9 | T5: =IF(OR(NOT(ISNUMBER(B5)),NOT(ISNUMBER(C5))),0,INT((B5-2*E5)/I5)+1) -> 27 | U5: =IF(OR(NOT(ISNUMBER(B5)),NOT(ISNUMBER(C5))),"",C5-2*E5+IF(C5-2*E5>12,50*H5/1000,0)) -> 3.2 | V5: =IF(OR(NOT(ISNUMBER(B5)),NOT(ISNUMBER(C5))),0,R5*S5+T5*U5) -> 172.2 | W5: =IF(V5=0,0,IFERROR(V5*VLOOKUP(H5,'TABELA DE PESOS'!$A$2:$B$9,2,FALSE()),0)) -> 106.2474 | X5: =IF(OR(NOT(ISNUMBER(B5)),NOT(ISNUMBER(C5))),0,K5*(2*(B5-2*E5)+2*(C5-2*E5))) -> 28.4 | Y5: =IF(X5=0,0,IFERROR(X5*VLOOKUP(J5,'TABELA DE PESOS'!$A$2:$B$9,2,FALSE()),0)) -> 11.218 | Z5: =Q5+W5+Y5 -> 270.379 | AA5: =IF(OR(NOT(ISNUMBER(B5)),NOT(ISNUMBER(C5))),0,B5*C5*D5) -> 5.28 | AB5: =IF(OR(NOT(ISNUMBER(B5)),NOT(ISNUMBER(C5))),0,B5*C5*0.05) -> 0.66 | AC5: =IF(OR(NOT(ISNUMBER(B5)),NOT(ISNUMBER(C5))),0,2*(B5+C5)*D5) -> 5.84
A6: S2 | B6: 5 | C6: 2.9 | D6: 0.6 | E6: 0.05 | F6: 16 | G6: 0.15 | H6: 12 | I6: 0.15 | J6: 8 | K6: 4 | L6: =IF(OR(NOT(ISNUMBER(B6)),NOT(ISNUMBER(C6))),0,INT((C6-2*E6)/G6)+1) -> 19 | M6: =IF(OR(NOT(ISNUMBER(B6)),NOT(ISNUMBER(C6))),"",B6-2*E6+IF(B6-2*E6>12,50*F6/1000,0)) -> 4.9 | N6: =IF(OR(NOT(ISNUMBER(B6)),NOT(ISNUMBER(C6))),0,INT((B6-2*E6)/G6)+1) -> 33 | O6: =IF(OR(NOT(ISNUMBER(B6)),NOT(ISNUMBER(C6))),"",C6-2*E6+IF(C6-2*E6>12,50*F6/1000,0)) -> 2.8 | P6: =IF(OR(NOT(ISNUMBER(B6)),NOT(ISNUMBER(C6))),0,L6*M6+N6*O6) -> 185.5 | Q6: =IF(P6=0,0,IFERROR(P6*VLOOKUP(F6,'TABELA DE PESOS'!$A$2:$B$9,2,FALSE()),0)) -> 292.719 | R6: =IF(OR(NOT(ISNUMBER(B6)),NOT(ISNUMBER(C6))),0,INT((C6-2*E6)/I6)+1) -> 19 | S6: =IF(OR(NOT(ISNUMBER(B6)),NOT(ISNUMBER(C6))),"",B6-2*E6+IF(B6-2*E6>12,50*H6/1000,0)) -> 4.9 | T6: =IF(OR(NOT(ISNUMBER(B6)),NOT(ISNUMBER(C6))),0,INT((B6-2*E6)/I6)+1) -> 33 | U6: =IF(OR(NOT(ISNUMBER(B6)),NOT(ISNUMBER(C6))),"",C6-2*E6+IF(C6-2*E6>12,50*H6/1000,0)) -> 2.8 | V6: =IF(OR(NOT(ISNUMBER(B6)),NOT(ISNUMBER(C6))),0,R6*S6+T6*U6) -> 185.5 | W6: =IF(V6=0,0,IFERROR(V6*VLOOKUP(H6,'TABELA DE PESOS'!$A$2:$B$9,2,FALSE()),0)) -> 164.724 | X6: =IF(OR(NOT(ISNUMBER(B6)),NOT(ISNUMBER(C6))),0,K6*(2*(B6-2*E6)+2*(C6-2*E6))) -> 61.6 | Y6: =IF(X6=0,0,IFERROR(X6*VLOOKUP(J6,'TABELA DE PESOS'!$A$2:$B$9,2,FALSE()),0)) -> 24.332 | Z6: =Q6+W6+Y6 -> 481.775 | AA6: =IF(OR(NOT(ISNUMBER(B6)),NOT(ISNUMBER(C6))),0,B6*C6*D6) -> 8.7 | AB6: =IF(OR(NOT(ISNUMBER(B6)),NOT(ISNUMBER(C6))),0,B6*C6*0.05) -> 0.725 | AC6: =IF(OR(NOT(ISNUMBER(B6)),NOT(ISNUMBER(C6))),0,2*(B6+C6)*D6) -> 9.48
A7: S3 | B7: 1.5 | C7: 1.8 | D7: 0.4 | E7: 0.05 | F7: 16 | G7: 0.15 | H7: 12 | I7: 0.15 | J7: 8 | K7: 2 | L7: =IF(OR(NOT(ISNUMBER(B7)),NOT(ISNUMBER(C7))),0,INT((C7-2*E7)/G7)+1) -> 12 | M7: =IF(OR(NOT(ISNUMBER(B7)),NOT(ISNUMBER(C7))),"",B7-2*E7+IF(B7-2*E7>12,50*F7/1000,0)) -> 1.4 | N7: =IF(OR(NOT(ISNUMBER(B7)),NOT(ISNUMBER(C7))),0,INT((B7-2*E7)/G7)+1) -> 10 | O7: =IF(OR(NOT(ISNUMBER(B7)),NOT(ISNUMBER(C7))),"",C7-2*E7+IF(C7-2*E7>12,50*F7/1000,0)) -> 1.7 | P7: =IF(OR(NOT(ISNUMBER(B7)),NOT(ISNUMBER(C7))),0,L7*M7+N7*O7) -> 33.8 | Q7: =IF(P7=0,0,IFERROR(P7*VLOOKUP(F7,'TABELA DE PESOS'!$A$2:$B$9,2,FALSE()),0)) -> 53.3364 | R7: =IF(OR(NOT(ISNUMBER(B7)),NOT(ISNUMBER(C7))),0,INT((C7-2*E7)/I7)+1) -> 12 | S7: =IF(OR(NOT(ISNUMBER(B7)),NOT(ISNUMBER(C7))),"",B7-2*E7+IF(B7-2*E7>12,50*H7/1000,0)) -> 1.4 | T7: =IF(OR(NOT(ISNUMBER(B7)),NOT(ISNUMBER(C7))),0,INT((B7-2*E7)/I7)+1) -> 10 | U7: =IF(OR(NOT(ISNUMBER(B7)),NOT(ISNUMBER(C7))),"",C7-2*E7+IF(C7-2*E7>12,50*H7/1000,0)) -> 1.7 | V7: =IF(OR(NOT(ISNUMBER(B7)),NOT(ISNUMBER(C7))),0,R7*S7+T7*U7) -> 33.8 | W7: =IF(V7=0,0,IFERROR(V7*VLOOKUP(H7,'TABELA DE PESOS'!$A$2:$B$9,2,FALSE()),0)) -> 30.0144 | X7: =IF(OR(NOT(ISNUMBER(B7)),NOT(ISNUMBER(C7))),0,K7*(2*(B7-2*E7)+2*(C7-2*E7))) -> 12.4 | Y7: =IF(X7=0,0,IFERROR(X7*VLOOKUP(J7,'TABELA DE PESOS'!$A$2:$B$9,2,FALSE()),0)) -> 4.898 | Z7: =Q7+W7+Y7 -> 88.2488 | AA7: =IF(OR(NOT(ISNUMBER(B7)),NOT(ISNUMBER(C7))),0,B7*C7*D7) -> 1.08 | AB7: =IF(OR(NOT(ISNUMBER(B7)),NOT(ISNUMBER(C7))),0,B7*C7*0.05) -> 0.135 | AC7: =IF(OR(NOT(ISNUMBER(B7)),NOT(ISNUMBER(C7))),0,2*(B7+C7)*D7) -> 2.64
A8: S4 | B8: 1.6 | C8: 1.4 | D8: 0.4 | E8: 0.05 | F8: 12 | G8: 0.15 | H8: 10 | I8: 0.15 | J8: 8 | K8: 2 | L8: =IF(OR(NOT(ISNUMBER(B8)),NOT(ISNUMBER(C8))),0,INT((C8-2*E8)/G8)+1) -> 9 | M8: =IF(OR(NOT(ISNUMBER(B8)),NOT(ISNUMBER(C8))),"",B8-2*E8+IF(B8-2*E8>12,50*F8/1000,0)) -> 1.5 | N8: =IF(OR(NOT(ISNUMBER(B8)),NOT(ISNUMBER(C8))),0,INT((B8-2*E8)/G8)+1) -> 11 | O8: =IF(OR(NOT(ISNUMBER(B8)),NOT(ISNUMBER(C8))),"",C8-2*E8+IF(C8-2*E8>12,50*F8/1000,0)) -> 1.3 | P8: =IF(OR(NOT(ISNUMBER(B8)),NOT(ISNUMBER(C8))),0,L8*M8+N8*O8) -> 27.8 | Q8: =IF(P8=0,0,IFERROR(P8*VLOOKUP(F8,'TABELA DE PESOS'!$A$2:$B$9,2,FALSE()),0)) -> 24.6864 | R8: =IF(OR(NOT(ISNUMBER(B8)),NOT(ISNUMBER(C8))),0,INT((C8-2*E8)/I8)+1) -> 9 | S8: =IF(OR(NOT(ISNUMBER(B8)),NOT(ISNUMBER(C8))),"",B8-2*E8+IF(B8-2*E8>12,50*H8/1000,0)) -> 1.5 | T8: =IF(OR(NOT(ISNUMBER(B8)),NOT(ISNUMBER(C8))),0,INT((B8-2*E8)/I8)+1) -> 11 | U8: =IF(OR(NOT(ISNUMBER(B8)),NOT(ISNUMBER(C8))),"",C8-2*E8+IF(C8-2*E8>12,50*H8/1000,0)) -> 1.3 | V8: =IF(OR(NOT(ISNUMBER(B8)),NOT(ISNUMBER(C8))),0,R8*S8+T8*U8) -> 27.8 | W8: =IF(V8=0,0,IFERROR(V8*VLOOKUP(H8,'TABELA DE PESOS'!$A$2:$B$9,2,FALSE()),0)) -> 17.1526 | X8: =IF(OR(NOT(ISNUMBER(B8)),NOT(ISNUMBER(C8))),0,K8*(2*(B8-2*E8)+2*(C8-2*E8))) -> 11.2 | Y8: =IF(X8=0,0,IFERROR(X8*VLOOKUP(J8,'TABELA DE PESOS'!$A$2:$B$9,2,FALSE()),0)) -> 4.424 | Z8: =Q8+W8+Y8 -> 46.263 | AA8: =IF(OR(NOT(ISNUMBER(B8)),NOT(ISNUMBER(C8))),0,B8*C8*D8) -> 0.896 | AB8: =IF(OR(NOT(ISNUMBER(B8)),NOT(ISNUMBER(C8))),0,B8*C8*0.05) -> 0.112 | AC8: =IF(OR(NOT(ISNUMBER(B8)),NOT(ISNUMBER(C8))),0,2*(B8+C8)*D8) -> 2.4
A9: S5 | B9: 1 | C9: 1 | D9: 0.4 | E9: 0.05 | F9: 10 | G9: 0.15 | H9: 10 | I9: 0.15 | J9: 8 | K9: 2 | L9: =IF(OR(NOT(ISNUMBER(B9)),NOT(ISNUMBER(C9))),0,INT((C9-2*E9)/G9)+1) -> 7 | M9: =IF(OR(NOT(ISNUMBER(B9)),NOT(ISNUMBER(C9))),"",B9-2*E9+IF(B9-2*E9>12,50*F9/1000,0)) -> 0.9 | N9: =IF(OR(NOT(ISNUMBER(B9)),NOT(ISNUMBER(C9))),0,INT((B9-2*E9)/G9)+1) -> 7 | O9: =IF(OR(NOT(ISNUMBER(B9)),NOT(ISNUMBER(C9))),"",C9-2*E9+IF(C9-2*E9>12,50*F9/1000,0)) -> 0.9 | P9: =IF(OR(NOT(ISNUMBER(B9)),NOT(ISNUMBER(C9))),0,L9*M9+N9*O9) -> 12.6 | Q9: =IF(P9=0,0,IFERROR(P9*VLOOKUP(F9,'TABELA DE PESOS'!$A$2:$B$9,2,FALSE()),0)) -> 7.7742 | R9: =IF(OR(NOT(ISNUMBER(B9)),NOT(ISNUMBER(C9))),0,INT((C9-2*E9)/I9)+1) -> 7 | S9: =IF(OR(NOT(ISNUMBER(B9)),NOT(ISNUMBER(C9))),"",B9-2*E9+IF(B9-2*E9>12,50*H9/1000,0)) -> 0.9 | T9: =IF(OR(NOT(ISNUMBER(B9)),NOT(ISNUMBER(C9))),0,INT((B9-2*E9)/I9)+1) -> 7 | U9: =IF(OR(NOT(ISNUMBER(B9)),NOT(ISNUMBER(C9))),"",C9-2*E9+IF(C9-2*E9>12,50*H9/1000,0)) -> 0.9 | V9: =IF(OR(NOT(ISNUMBER(B9)),NOT(ISNUMBER(C9))),0,R9*S9+T9*U9) -> 12.6 | W9: =IF(V9=0,0,IFERROR(V9*VLOOKUP(H9,'TABELA DE PESOS'!$A$2:$B$9,2,FALSE()),0)) -> 7.7742 | X9: =IF(OR(NOT(ISNUMBER(B9)),NOT(ISNUMBER(C9))),0,K9*(2*(B9-2*E9)+2*(C9-2*E9))) -> 7.2 | Y9: =IF(X9=0,0,IFERROR(X9*VLOOKUP(J9,'TABELA DE PESOS'!$A$2:$B$9,2,FALSE()),0)) -> 2.844 | Z9: =Q9+W9+Y9 -> 18.3924 | AA9: =IF(OR(NOT(ISNUMBER(B9)),NOT(ISNUMBER(C9))),0,B9*C9*D9) -> 0.4 | AB9: =IF(OR(NOT(ISNUMBER(B9)),NOT(ISNUMBER(C9))),0,B9*C9*0.05) -> 0.05 | AC9: =IF(OR(NOT(ISNUMBER(B9)),NOT(ISNUMBER(C9))),0,2*(B9+C9)*D9) -> 1.6
A10: S6 | B10: 1 | C10: 2.08 | D10: 0.4 | E10: 0.05 | F10: 10 | G10: 0.15 | H10: 10 | I10: 0.15 | J10: 8 | K10: 2 | L10: =IF(OR(NOT(ISNUMBER(B10)),NOT(ISNUMBER(C10))),0,INT((C10-2*E10)/G10)+1) -> 14 | M10: =IF(OR(NOT(ISNUMBER(B10)),NOT(ISNUMBER(C10))),"",B10-2*E10+IF(B10-2*E10>12,50*F10/1000,0)) -> 0.9 | N10: =IF(OR(NOT(ISNUMBER(B10)),NOT(ISNUMBER(C10))),0,INT((B10-2*E10)/G10)+1) -> 7 | O10: =IF(OR(NOT(ISNUMBER(B10)),NOT(ISNUMBER(C10))),"",C10-2*E10+IF(C10-2*E10>12,50*F10/1000,0)) -> 1.98 | P10: =IF(OR(NOT(ISNUMBER(B10)),NOT(ISNUMBER(C10))),0,L10*M10+N10*O10) -> 26.46 | Q10: =IF(P10=0,0,IFERROR(P10*VLOOKUP(F10,'TABELA DE PESOS'!$A$2:$B$9,2,FALSE()),0)) -> 16.32582 | R10: =IF(OR(NOT(ISNUMBER(B10)),NOT(ISNUMBER(C10))),0,INT((C10-2*E10)/I10)+1) -> 14 | S10: =IF(OR(NOT(ISNUMBER(B10)),NOT(ISNUMBER(C10))),"",B10-2*E10+IF(B10-2*E10>12,50*H10/1000,0)) -> 0.9 | T10: =IF(OR(NOT(ISNUMBER(B10)),NOT(ISNUMBER(C10))),0,INT((B10-2*E10)/I10)+1) -> 7 | U10: =IF(OR(NOT(ISNUMBER(B10)),NOT(ISNUMBER(C10))),"",C10-2*E10+IF(C10-2*E10>12,50*H10/1000,0)) -> 1.98 | V10: =IF(OR(NOT(ISNUMBER(B10)),NOT(ISNUMBER(C10))),0,R10*S10+T10*U10) -> 26.46 | W10: =IF(V10=0,0,IFERROR(V10*VLOOKUP(H10,'TABELA DE PESOS'!$A$2:$B$9,2,FALSE()),0)) -> 16.32582 | X10: =IF(OR(NOT(ISNUMBER(B10)),NOT(ISNUMBER(C10))),0,K10*(2*(B10-2*E10)+2*(C10-2*E10))) -> 11.52 | Y10: =IF(X10=0,0,IFERROR(X10*VLOOKUP(J10,'TABELA DE PESOS'!$A$2:$B$9,2,FALSE()),0)) -> 4.5504 | Z10: =Q10+W10+Y10 -> 37.20204 | AA10: =IF(OR(NOT(ISNUMBER(B10)),NOT(ISNUMBER(C10))),0,B10*C10*D10) -> 0.832 | AB10: =IF(OR(NOT(ISNUMBER(B10)),NOT(ISNUMBER(C10))),0,B10*C10*0.05) -> 0.104 | AC10: =IF(OR(NOT(ISNUMBER(B10)),NOT(ISNUMBER(C10))),0,2*(B10+C10)*D10) -> 2.464
A11: S7 | B11: 2.48 | C11: 1 | D11: 0.4 | E11: 0.05 | F11: 10 | G11: 0.15 | H11: 10 | I11: 0.15 | J11: 8 | K11: 2 | L11: =IF(OR(NOT(ISNUMBER(B11)),NOT(ISNUMBER(C11))),0,INT((C11-2*E11)/G11)+1) -> 7 | M11: =IF(OR(NOT(ISNUMBER(B11)),NOT(ISNUMBER(C11))),"",B11-2*E11+IF(B11-2*E11>12,50*F11/1000,0)) -> 2.38 | N11: =IF(OR(NOT(ISNUMBER(B11)),NOT(ISNUMBER(C11))),0,INT((B11-2*E11)/G11)+1) -> 16 | O11: =IF(OR(NOT(ISNUMBER(B11)),NOT(ISNUMBER(C11))),"",C11-2*E11+IF(C11-2*E11>12,50*F11/1000,0)) -> 0.9 | P11: =IF(OR(NOT(ISNUMBER(B11)),NOT(ISNUMBER(C11))),0,L11*M11+N11*O11) -> 31.06 | Q11: =IF(P11=0,0,IFERROR(P11*VLOOKUP(F11,'TABELA DE PESOS'!$A$2:$B$9,2,FALSE()),0)) -> 19.16402 | R11: =IF(OR(NOT(ISNUMBER(B11)),NOT(ISNUMBER(C11))),0,INT((C11-2*E11)/I11)+1) -> 7 | S11: =IF(OR(NOT(ISNUMBER(B11)),NOT(ISNUMBER(C11))),"",B11-2*E11+IF(B11-2*E11>12,50*H11/1000,0)) -> 2.38 | T11: =IF(OR(NOT(ISNUMBER(B11)),NOT(ISNUMBER(C11))),0,INT((B11-2*E11)/I11)+1) -> 16 | U11: =IF(OR(NOT(ISNUMBER(B11)),NOT(ISNUMBER(C11))),"",C11-2*E11+IF(C11-2*E11>12,50*H11/1000,0)) -> 0.9 | V11: =IF(OR(NOT(ISNUMBER(B11)),NOT(ISNUMBER(C11))),0,R11*S11+T11*U11) -> 31.06 | W11: =IF(V11=0,0,IFERROR(V11*VLOOKUP(H11,'TABELA DE PESOS'!$A$2:$B$9,2,FALSE()),0)) -> 19.16402 | X11: =IF(OR(NOT(ISNUMBER(B11)),NOT(ISNUMBER(C11))),0,K11*(2*(B11-2*E11)+2*(C11-2*E11))) -> 13.12 | Y11: =IF(X11=0,0,IFERROR(X11*VLOOKUP(J11,'TABELA DE PESOS'!$A$2:$B$9,2,FALSE()),0)) -> 5.1824 | Z11: =Q11+W11+Y11 -> 43.51044 | AA11: =IF(OR(NOT(ISNUMBER(B11)),NOT(ISNUMBER(C11))),0,B11*C11*D11) -> 0.992 | AB11: =IF(OR(NOT(ISNUMBER(B11)),NOT(ISNUMBER(C11))),0,B11*C11*0.05) -> 0.124 | AC11: =IF(OR(NOT(ISNUMBER(B11)),NOT(ISNUMBER(C11))),0,2*(B11+C11)*D11) -> 2.784
A12: Pb1 | B12: 63 | C12: 0.8 | D12: 0.4 | E12: 0.05 | F12: 10 | G12: 0.2 | H12: 10 | I12: 0.1 | L12: =IF(OR(NOT(ISNUMBER(B12)),NOT(ISNUMBER(C12))),0,INT((C12-2*E12)/G12)+1) -> 4 | M12: =IF(OR(NOT(ISNUMBER(B12)),NOT(ISNUMBER(C12))),"",B12-2*E12+IF(B12-2*E12>12,50*F12/1000,0)) -> 63.4 | N12: =IF(OR(NOT(ISNUMBER(B12)),NOT(ISNUMBER(C12))),0,INT((B12-2*E12)/G12)+1) -> 315 | O12: =IF(OR(NOT(ISNUMBER(B12)),NOT(ISNUMBER(C12))),"",C12-2*E12+IF(C12-2*E12>12,50*F12/1000,0)) -> 0.7 | P12: =IF(OR(NOT(ISNUMBER(B12)),NOT(ISNUMBER(C12))),0,L12*M12+N12*O12) -> 474.1 | R12: =IF(OR(NOT(ISNUMBER(B12)),NOT(ISNUMBER(C12))),0,INT((C12-2*E12)/I12)+1) -> 8 | S12: =IF(OR(NOT(ISNUMBER(B12)),NOT(ISNUMBER(C12))),"",B12-2*E12+IF(B12-2*E12>12,50*H12/1000,0)) -> 63.4 | T12: =IF(OR(NOT(ISNUMBER(B12)),NOT(ISNUMBER(C12))),0,INT((B12-2*E12)/I12)+1) -> 630 | U12: =IF(OR(NOT(ISNUMBER(B12)),NOT(ISNUMBER(C12))),"",C12-2*E12+IF(C12-2*E12>12,50*H12/1000,0)) -> 0.7 | V12: =IF(OR(NOT(ISNUMBER(B12)),NOT(ISNUMBER(C12))),0,R12*S12+T12*U12) -> 948.2 | AA12: =IF(OR(NOT(ISNUMBER(B12)),NOT(ISNUMBER(C12))),0,B12*C12*D12) -> 20.16 | AB12: =IF(OR(NOT(ISNUMBER(B12)),NOT(ISNUMBER(C12))),0,B12*C12*0.05) -> 2.52 | AC12: =IF(OR(NOT(ISNUMBER(B12)),NOT(ISNUMBER(C12))),0,2*(B12+C12)*D12) -> 51.04
A13: TOTAL GERAL | P13: =SUM(P5:P12) -> 963.52 | Q13: =SUM(Q5:Q11) -> 566.91944 | V13: =SUM(V5:V12) -> 1437.62 | W13: =SUM(W5:W11) -> 361.40244 | X13: =SUM(X5:X11) -> 145.44 | Y13: =SUM(Y5:Y11) -> 57.4488 | Z13: =SUM(Z5:Z11) -> 985.77068 | AA13: =SUM(AA5:AA12) -> 38.34 | AB13: =SUM(AB5:AB12) -> 4.43 | AC13: =SUM(AC5:AC12) -> 78.248
A15: RESUMO POR BITOLA
A16: Bitola (mm) | B16: Peso Total (kg) | C16: % do Total | D16: Peso/m (kg/m)
A17: 8 | B17: =SUMPRODUCT((F5:F11=8)*Q5:Q11)+SUMPRODUCT((H5:H11=8)*W5:W11)+SUMPRODUCT((J5:J11=8)*Y5:Y11) -> 57.4488 | C17: =IFERROR(B17/Z13,0) -> 0.058278057 | D17: =IFERROR(VLOOKUP(A17,'TABELA DE PESOS'!$A$2:$B$9,2,FALSE()),0) -> 0.395
A18: 10 | B18: =SUMPRODUCT((F5:F11=10)*Q5:Q11)+SUMPRODUCT((H5:H11=10)*W5:W11)+SUMPRODUCT((J5:J11=10)*Y5:Y11) -> 209.92808 | C18: =IFERROR(B18/Z13,0) -> 0.21295833 | D18: =IFERROR(VLOOKUP(A18,'TABELA DE PESOS'!$A$2:$B$9,2,FALSE()),0) -> 0.617
A19: 12 | B19: =SUMPRODUCT((F5:F11=12)*Q5:Q11)+SUMPRODUCT((H5:H11=12)*W5:W11)+SUMPRODUCT((J5:J11=12)*Y5:Y11) -> 372.3384 | C19: =IFERROR(B19/Z13,0) -> 0.377713 | D19: =IFERROR(VLOOKUP(A19,'TABELA DE PESOS'!$A$2:$B$9,2,FALSE()),0) -> 0.888
A20: 16 | B20: =SUMPRODUCT((F5:F11=16)*Q5:Q11)+SUMPRODUCT((H5:H11=16)*W5:W11)+SUMPRODUCT((J5:J11=16)*Y5:Y11) -> 346.0554 | C20: =IFERROR(B20/Z13,0) -> 0.35105061 | D20: =IFERROR(VLOOKUP(A20,'TABELA DE PESOS'!$A$2:$B$9,2,FALSE()),0) -> 1.578
A21: TOTAL | B21: =SUM(B17:B20) -> 985.77068 | C21: =IFERROR(B21/Z13,0) -> 1
A23: NOTA: Cobrimento 5 cm em todas as faces (contacto com solo). Betão de limpeza 5 cm não incluído no betão estrutural. S1 — dimensões em planta "VER PLANTA" (preencher quando disponível). Transpasse = 50×Ø (A500 NR SD) — só se comprimento de barra > 12,00 m. Betão fundações C25/30, XC2. Aço A500 NR SD.

Sheet MUROS
A1: LEVANTAMENTO — MUROS DE SUPORTE / PAREDES
A2: Azul=entrada | Preto=fórmula | Amarelo=ferro | Azul claro=betão | Verde=cofragem | Vermelho=PENDENTE
A4: MUROS DE SUPORTE E PAREDES BÁSICAS (com sapata)
A5: Elem. | B5: L (m) | C5: n | D5: e (m) | E5: h_muro (m) | F5: h_sap (m) | G5: b_total (m) | H5: øV (mm) | I5: espV (m) | J5: øH (mm) | K5: espH (m) | L5: øs.inf (mm) | M5: esp.inf (m) | N5: øs.sup (mm) | O5: esp.sup (m) | P5: øcinta (mm) | Q5: esp.ct (m) | R5: Peso V (kg) | S5: Peso H (kg) | T5: Peso Sap.Inf (kg) | U5: Peso Sap.Sup (kg) | V5: Peso Cintas (kg) | W5: PESO FERRO (kg) | X5: Betão Muro (m³) | Y5: Betão Sap. (m³) | Z5: Betão Limp. (m³) | AA5: Cofrag. (m²) | AB5: Obs.
A6: MS.1 | B6: 6.47 | C6: 1 | D6: 0.2 | E6: 3.15 | F6: 0.4 | G6: 0.8 | H6: 10 | I6: 0.15 | J6: 10 | K6: 0.15 | L6: 10 | M6: 0.15 | N6: 10 | O6: 0.15 | P6: 8 | Q6: 0.15 | R6: =IF(NOT(ISNUMBER(B6)),0,2*C6*(INT(B6/I6)+1)*(E6+75*H6/1000)*VLOOKUP(H6,'TABELA DE PESOS'!$A$2:$B$9,2,FALSE())) -> 211.7544 | S6: =IF(NOT(ISNUMBER(B6)),0,2*C6*(INT(E6/K6)+1)*(B6+IF(B6>12,50*J6/1000,0))*VLOOKUP(J6,'TABELA DE PESOS'!$A$2:$B$9,2,FALSE())) -> 175.64756 | T6: =IF(NOT(ISNUMBER(B6)),0,C6*((INT(B6/M6)+1)*(G6-0.1)+(INT(G6/M6)+1)*(B6+IF(B6>12,50*L6/1000,0)))*VLOOKUP(L6,'TABELA DE PESOS'!$A$2:$B$9,2,FALSE())) -> 42.95554 | U6: =IF(NOT(ISNUMBER(B6)),0,C6*((INT(B6/O6)+1)*(G6-0.1)+(INT(G6/O6)+1)*(B6+IF(B6>12,50*N6/1000,0)))*VLOOKUP(N6,'TABELA DE PESOS'!$A$2:$B$9,2,FALSE())) -> 42.95554 | V6: =IF(OR(NOT(ISNUMBER(B6)),P6=""),0,C6*(INT(B6/Q6)+1)*(2*(G6-0.1)+2*(F6-0.1)+2*10*P6/1000)*VLOOKUP(P6,'TABELA DE PESOS'!$A$2:$B$9,2,FALSE())) -> 37.5408 | W6: =R6+S6+T6+U6+V6 -> 510.85384 | X6: =IF(NOT(ISNUMBER(B6)),0,C6*D6*E6*B6) -> 4.0761 | Y6: =IF(NOT(ISNUMBER(B6)),0,C6*G6*F6*B6) -> 2.0704 | Z6: =IF(NOT(ISNUMBER(B6)),0,C6*G6*0.05*B6) -> 0.2588 | AA6: =IF(NOT(ISNUMBER(B6)),0,C6*2*E6*B6) -> 40.761 | AB6: Com cintas ø8//0.15
A7: MS.2 | B7: PENDENTE | C7: 1 | D7: 0.2 | E7: 0.7 | F7: 0.4 | G7: 2.65 | H7: 10 | I7: 0.15 | J7: 10 | K7: 0.15 | L7: 10 | M7: 0.15 | N7: 10 | O7: 0.15 | R7: =IF(NOT(ISNUMBER(B7)),0,2*C7*(INT(B7/I7)+1)*(E7+75*H7/1000)*VLOOKUP(H7,'TABELA DE PESOS'!$A$2:$B$9,2,FALSE())) -> 0 | S7: =IF(NOT(ISNUMBER(B7)),0,2*C7*(INT(E7/K7)+1)*(B7+IF(B7>12,50*J7/1000,0))*VLOOKUP(J7,'TABELA DE PESOS'!$A$2:$B$9,2,FALSE())) -> 0 | T7: =IF(NOT(ISNUMBER(B7)),0,C7*((INT(B7/M7)+1)*(G7-0.1)+(INT(G7/M7)+1)*(B7+IF(B7>12,50*L7/1000,0)))*VLOOKUP(L7,'TABELA DE PESOS'!$A$2:$B$9,2,FALSE())) -> 0 | U7: =IF(NOT(ISNUMBER(B7)),0,C7*((INT(B7/O7)+1)*(G7-0.1)+(INT(G7/O7)+1)*(B7+IF(B7>12,50*N7/1000,0)))*VLOOKUP(N7,'TABELA DE PESOS'!$A$2:$B$9,2,FALSE())) -> 0 | V7: =IF(OR(NOT(ISNUMBER(B7)),P7=""),0,C7*(INT(B7/Q7)+1)*(2*(G7-0.1)+2*(F7-0.1)+2*10*P7/1000)*VLOOKUP(P7,'TABELA DE PESOS'!$A$2:$B$9,2,FALSE())) -> 0 | W7: =R7+S7+T7+U7+V7 -> 0 | X7: =IF(NOT(ISNUMBER(B7)),0,C7*D7*E7*B7) -> 0 | Y7: =IF(NOT(ISNUMBER(B7)),0,C7*G7*F7*B7) -> 0 | Z7: =IF(NOT(ISNUMBER(B7)),0,C7*G7*0.05*B7) -> 0 | AA7: =IF(NOT(ISNUMBER(B7)),0,C7*2*E7*B7) -> 0 | AB7: L pendente
A8: MS.3 | B8: PENDENTE | C8: 1 | D8: 0.2 | E8: 0.7 | F8: 0.4 | G8: 1.85 | H8: 10 | I8: 0.15 | J8: 10 | K8: 0.15 | L8: 10 | M8: 0.15 | N8: 10 | O8: 0.15 | R8: =IF(NOT(ISNUMBER(B8)),0,2*C8*(INT(B8/I8)+1)*(E8+75*H8/1000)*VLOOKUP(H8,'TABELA DE PESOS'!$A$2:$B$9,2,FALSE())) -> 0 | S8: =IF(NOT(ISNUMBER(B8)),0,2*C8*(INT(E8/K8)+1)*(B8+IF(B8>12,50*J8/1000,0))*VLOOKUP(J8,'TABELA DE PESOS'!$A$2:$B$9,2,FALSE())) -> 0 | T8: =IF(NOT(ISNUMBER(B8)),0,C8*((INT(B8/M8)+1)*(G8-0.1)+(INT(G8/M8)+1)*(B8+IF(B8>12,50*L8/1000,0)))*VLOOKUP(L8,'TABELA DE PESOS'!$A$2:$B$9,2,FALSE())) -> 0 | U8: =IF(NOT(ISNUMBER(B8)),0,C8*((INT(B8/O8)+1)*(G8-0.1)+(INT(G8/O8)+1)*(B8+IF(B8>12,50*N8/1000,0)))*VLOOKUP(N8,'TABELA DE PESOS'!$A$2:$B$9,2,FALSE())) -> 0 | V8: =IF(OR(NOT(ISNUMBER(B8)),P8=""),0,C8*(INT(B8/Q8)+1)*(2*(G8-0.1)+2*(F8-0.1)+2*10*P8/1000)*VLOOKUP(P8,'TABELA DE PESOS'!$A$2:$B$9,2,FALSE())) -> 0 | W8: =R8+S8+T8+U8+V8 -> 0 | X8: =IF(NOT(ISNUMBER(B8)),0,C8*D8*E8*B8) -> 0 | Y8: =IF(NOT(ISNUMBER(B8)),0,C8*G8*F8*B8) -> 0 | Z8: =IF(NOT(ISNUMBER(B8)),0,C8*G8*0.05*B8) -> 0 | AA8: =IF(NOT(ISNUMBER(B8)),0,C8*2*E8*B8) -> 0 | AB8: L pendente
A9: MS.4 | B9: PENDENTE | C9: 1 | D9: 0.2 | E9: 0.9 | F9: 0.5 | G9: 2.35 | H9: 10 | I9: 0.15 | J9: 10 | K9: 0.15 | L9: 10 | M9: 0.15 | N9: 10 | O9: 0.15 | R9: =IF(NOT(ISNUMBER(B9)),0,2*C9*(INT(B9/I9)+1)*(E9+75*H9/1000)*VLOOKUP(H9,'TABELA DE PESOS'!$A$2:$B$9,2,FALSE())) -> 0 | S9: =IF(NOT(ISNUMBER(B9)),0,2*C9*(INT(E9/K9)+1)*(B9+IF(B9>12,50*J9/1000,0))*VLOOKUP(J9,'TABELA DE PESOS'!$A$2:$B$9,2,FALSE())) -> 0 | T9: =IF(NOT(ISNUMBER(B9)),0,C9*((INT(B9/M9)+1)*(G9-0.1)+(INT(G9/M9)+1)*(B9+IF(B9>12,50*L9/1000,0)))*VLOOKUP(L9,'TABELA DE PESOS'!$A$2:$B$9,2,FALSE())) -> 0 | U9: =IF(NOT(ISNUMBER(B9)),0,C9*((INT(B9/O9)+1)*(G9-0.1)+(INT(G9/O9)+1)*(B9+IF(B9>12,50*N9/1000,0)))*VLOOKUP(N9,'TABELA DE PESOS'!$A$2:$B$9,2,FALSE())) -> 0 | V9: =IF(OR(NOT(ISNUMBER(B9)),P9=""),0,C9*(INT(B9/Q9)+1)*(2*(G9-0.1)+2*(F9-0.1)+2*10*P9/1000)*VLOOKUP(P9,'TABELA DE PESOS'!$A$2:$B$9,2,FALSE())) -> 0 | W9: =R9+S9+T9+U9+V9 -> 0 | X9: =IF(NOT(ISNUMBER(B9)),0,C9*D9*E9*B9) -> 0 | Y9: =IF(NOT(ISNUMBER(B9)),0,C9*G9*F9*B9) -> 0 | Z9: =IF(NOT(ISNUMBER(B9)),0,C9*G9*0.05*B9) -> 0 | AA9: =IF(NOT(ISNUMBER(B9)),0,C9*2*E9*B9) -> 0 | AB9: L pendente
A10: Pb.1 | B10: 63 | C10: 1 | D10: 0.2 | E10: 3.15 | F10: 0.4 | G10: 0.8 | H10: 10 | I10: 0.2 | J10: 10 | K10: 0.15 | L10: 10 | M10: 0.1 | N10: 10 | O10: 0.2 | R10: =IF(NOT(ISNUMBER(B10)),0,2*C10*(INT(B10/I10)+1)*(E10+75*H10/1000)*VLOOKUP(H10,'TABELA DE PESOS'!$A$2:$B$9,2,FALSE())) -> 1520.7816 | S10: =IF(NOT(ISNUMBER(B10)),0,2*C10*(INT(E10/K10)+1)*(B10+IF(B10>12,50*J10/1000,0))*VLOOKUP(J10,'TABELA DE PESOS'!$A$2:$B$9,2,FALSE())) -> 1723.898 | T10: =IF(NOT(ISNUMBER(B10)),0,C10*((INT(B10/M10)+1)*(G10-0.1)+(INT(G10/M10)+1)*(B10+IF(B10>12,50*L10/1000,0)))*VLOOKUP(L10,'TABELA DE PESOS'!$A$2:$B$9,2,FALSE())) -> 625.1444 | U10: =IF(NOT(ISNUMBER(B10)),0,C10*((INT(B10/O10)+1)*(G10-0.1)+(INT(G10/O10)+1)*(B10+IF(B10>12,50*N10/1000,0)))*VLOOKUP(N10,'TABELA DE PESOS'!$A$2:$B$9,2,FALSE())) -> 332.3779 | V10: =IF(OR(NOT(ISNUMBER(B10)),P10=""),0,C10*(INT(B10/Q10)+1)*(2*(G10-0.1)+2*(F10-0.1)+2*10*P10/1000)*VLOOKUP(P10,'TABELA DE PESOS'!$A$2:$B$9,2,FALSE())) -> 0 | W10: =R10+S10+T10+U10+V10 -> 4202.2019 | X10: =IF(NOT(ISNUMBER(B10)),0,C10*D10*E10*B10) -> 39.69 | Y10: =IF(NOT(ISNUMBER(B10)),0,C10*G10*F10*B10) -> 20.16 | Z10: =IF(NOT(ISNUMBER(B10)),0,C10*G10*0.05*B10) -> 2.52 | AA10: =IF(NOT(ISNUMBER(B10)),0,C10*2*E10*B10) -> 396.9 | AB10: L pendente
A11: Pb.2 | B11: PENDENTE | C11: 1 | D11: 0.2 | E11: 1.6 | F11: 0.4 | G11: 2.15 | H11: 10 | I11: 0.15 | J11: 10 | K11: 0.15 | L11: 12 | M11: 0.15 | N11: 10 | O11: 0.15 | R11: =IF(NOT(ISNUMBER(B11)),0,2*C11*(INT(B11/I11)+1)*(E11+75*H11/1000)*VLOOKUP(H11,'TABELA DE PESOS'!$A$2:$B$9,2,FALSE())) -> 0 | S11: =IF(NOT(ISNUMBER(B11)),0,2*C11*(INT(E11/K11)+1)*(B11+IF(B11>12,50*J11/1000,0))*VLOOKUP(J11,'TABELA DE PESOS'!$A$2:$B$9,2,FALSE())) -> 0 | T11: =IF(NOT(ISNUMBER(B11)),0,C11*((INT(B11/M11)+1)*(G11-0.1)+(INT(G11/M11)+1)*(B11+IF(B11>12,50*L11/1000,0)))*VLOOKUP(L11,'TABELA DE PESOS'!$A$2:$B$9,2,FALSE())) -> 0 | U11: =IF(NOT(ISNUMBER(B11)),0,C11*((INT(B11/O11)+1)*(G11-0.1)+(INT(G11/O11)+1)*(B11+IF(B11>12,50*N11/1000,0)))*VLOOKUP(N11,'TABELA DE PESOS'!$A$2:$B$9,2,FALSE())) -> 0 | V11: =IF(OR(NOT(ISNUMBER(B11)),P11=""),0,C11*(INT(B11/Q11)+1)*(2*(G11-0.1)+2*(F11-0.1)+2*10*P11/1000)*VLOOKUP(P11,'TABELA DE PESOS'!$A$2:$B$9,2,FALSE())) -> 0 | W11: =R11+S11+T11+U11+V11 -> 0 | X11: =IF(NOT(ISNUMBER(B11)),0,C11*D11*E11*B11) -> 0 | Y11: =IF(NOT(ISNUMBER(B11)),0,C11*G11*F11*B11) -> 0 | Z11: =IF(NOT(ISNUMBER(B11)),0,C11*G11*0.05*B11) -> 0 | AA11: =IF(NOT(ISNUMBER(B11)),0,C11*2*E11*B11) -> 0 | AB11: L pendente
A12: SUBTOTAL MS+Pb | R12: =SUM(R6:R11) -> 1732.536 | S12: =SUM(S6:S11) -> 1899.5456 | T12: =SUM(T6:T11) -> 668.09994 | U12: =SUM(U6:U11) -> 375.33344 | V12: =SUM(V6:V11) -> 37.5408 | W12: =SUM(W6:W11) -> 4713.0557 | X12: =SUM(X6:X11) -> 43.7661 | Y12: =SUM(Y6:Y11) -> 22.2304 | ... AA12: =SUM(AA6:AA11) -> 437.661
A14: PAREDES ESTRUTURAIS (sem sapata própria)
A15: Elem. | B15: Piso | C15: L (m) | D15: e (m) | E15: h (m) | F15: n | G15: ølong (mm) | H15: esp.l (m) | I15: ødistr (mm) | J15: esp.d (m) | K15: øcinta (mm) | L15: esp.ct (m) | M15: cob (m) | N15: Peso Long. (kg) | O15: Peso Distr. (kg) | P15: Peso Cintas (kg) | Q15: PESO FERRO (kg) | R15: Betão (m³) | S15: Cofrag. (m²) | T15: Obs.
A16: Pa.2 | B16: Piso 0→Cob | C16: 0.8 | D16: 0.4 | E16: 7.2 | F16: 1 | G16: 16 | H16: 0.1 | I16: 10 | J16: 0.2 | K16: 8 | L16: 0.15 | M16: 0.03 | N16: =IF(NOT(ISNUMBER(E16)),0,2*F16*(INT(C16/H16)+1)*(E16+50*G16/1000)*VLOOKUP(G16,'TABELA DE PESOS'!$A$2:$B$9,2,FALSE())) -> 227.232 | O16: =IF(NOT(ISNUMBER(E16)),0,2*F16*(INT(E16/J16)+1)*C16*VLOOKUP(I16,'TABELA DE PESOS'!$A$2:$B$9,2,FALSE())) -> 36.5264 | P16: =IF(NOT(ISNUMBER(E16)),0,F16*(INT(E16/L16)+1)*(2*(C16-2*M16)+2*(D16-2*M16)+2*10*K16/1000)*VLOOKUP(K16,'TABELA DE PESOS'!$A$2:$B$9,2,FALSE())) -> 44.9036 | Q16: =N16+O16+P16 -> 308.662 | R16: =IF(NOT(ISNUMBER(E16)),0,F16*D16*E16*C16) -> 2.304 | S16: =IF(NOT(ISNUMBER(E16)),0,F16*2*E16*C16) -> 11.52 | T16: h pendente (pisos)
A17: Pa.2 | B17: Piso -1→0 | C17: 1.98 | D17: 0.3 | E17: PENDENTE | F17: 1 | G17: 16 | H17: 0.1 | I17: 10 | J17: 0.2 | K17: 8 | L17: 0.15 | M17: 0.03 | N17: =IF(NOT(ISNUMBER(E17)),0,2*F17*(INT(C17/H17)+1)*(E17+50*G17/1000)*VLOOKUP(G17,'TABELA DE PESOS'!$A$2:$B$9,2,FALSE())) -> 0 | O17: =IF(NOT(ISNUMBER(E17)),0,2*F17*(INT(E17/J17)+1)*C17*VLOOKUP(I17,'TABELA DE PESOS'!$A$2:$B$9,2,FALSE())) -> 0 | P17: =IF(NOT(ISNUMBER(E17)),0,F17*(INT(E17/L17)+1)*(2*(C17-2*M17)+2*(D17-2*M17)+2*10*K17/1000)*VLOOKUP(K17,'TABELA DE PESOS'!$A$2:$B$9,2,FALSE())) -> 0 | Q17: =N17+O17+P17 -> 0 | R17: =IF(NOT(ISNUMBER(E17)),0,F17*D17*E17*C17) -> 0 | S17: =IF(NOT(ISNUMBER(E17)),0,F17*2*E17*C17) -> 0 | T17: h pendente (pisos)
A18: SUBTOTAL Pa | N18: =SUM(N16:N17) -> 227.232 | O18: =SUM(O16:O17) -> 36.5264 | P18: =SUM(P16:P17) -> 44.9036 | Q18: =SUM(Q16:Q17) -> 308.662 | R18: =SUM(R16:R17) -> 2.304 | S18: =SUM(S16:S17) -> 11.52
B19: Ferro (kg) | C19: Betão Muro (m³) | D19: Betão Sap. (m³) | E19: Betão Limp. (m³) | F19: Betão Total (m³) | G19: Cofrag. (m²)
A20: TOTAL GERAL MUROS | B20: =W12+Q18 -> 5021.7177 | C20: =X12 -> 43.7661 | D20: =Y12 -> 22.2304 | E20: =Z12 -> 2.7788 | F20: =C20+D20+E20+R18 -> 71.0793 | G20: =AA12+S18 -> 449.181
A22: NOTAS:
A23: 1. L = comprimento do muro em planta — PENDENTE (a medir em desenho de planta).
A24: 2. Armadura vertical do muro: 2 faces, espaçamento espV, ancoragem 75d (50d base + 25d topo).
A25: 3. Armadura horizontal do muro: 2 faces, espaçamento espH; empalme 50d se L > 12 m.
A26: 4. Sapata: armadura inferior e superior em malha (transv. + longit.) com mesmo ø e espaçamento.
A27: 5. Cintas na sapata apenas em MS.1 (ø8//0.15) — perímetro = 2×(b-0.10)+2×(h_sap-0.10)+ganchos.
A28: 6. Paredes estruturais Pa.2: 2 pisos, h pendente (definido pelas cotas dos pisos).
A29: 7. Betão limpeza: 0.05 m sob sapata. Cofragem: 2 faces do paramento vertical.
A30: 8. Todos os pesos calculados por fórmula — valores a 0 enquanto L ou h forem PENDENTE.

Sheet VIGAS
A1: LEVANTAMENTO — VIGAS
A2: Azul=entrada | Verde=calculado | Laranja=ferro | Roxo=betão | Amarelo=cofragem
A4: GEOMETRIA | H4: ARMADURA | Q4: PESO AÇO CALCULADO | Z4: FERRO | AA4: BETÃO / COFRAG.
A5: Viga | B5: Piso | C5: Comp. (m) | D5: bw (cm) | E5: h (cm) | F5: Cobr. (cm) | G5: Coef. Transp. | H5: Qtd Inf. | I5: Ø Inf (mm) | J5: Qtd Sup. | K5: Ø Sup (mm) | L5: Qtd Pele | M5: Ø Pele (mm) | N5: Conj. Est. | O5: Ø Est (mm) | P5: Esp.Est (m) | Q5: Comp. Inf. (m) | R5: Peso Inf. (kg) | S5: Comp. Sup. (m) | T5: Peso Sup. (kg) | U5: Peso Pele (kg) | V5: C.U. Est. (m) | W5: Qtd Est. | X5: Peso Est. (kg) | Y5: Obs | Z5: PESO FERRO (kg) | AA5: Volume Betão (m³) | AB5: Área Cofrag. (m²)
A6: V1 | B6: Piso 1 | C6: 5 | D6: 20 | E6: 50 | F6: 2.5 | G6: 50 | H6: 3 | I6: 16 | J6: 2 | K6: 12 | N6: 1 | O6: 8 | P6: 0.15 | Q6: =IF(A6="","",C6+IF(C6>12,G6*I6/1000,0)) -> 5 | R6: =IF(A6="",0,IFERROR(H6*Q6*VLOOKUP(I6,'TABELA DE PESOS'!$A$2:$B$9,2,FALSE()),0)) -> 23.67 | S6: =IF(A6="","",C6+IF(C6>12,G6*K6/1000,0)) -> 5 | T6: =IF(A6="",0,IFERROR(J6*S6*VLOOKUP(K6,'TABELA DE PESOS'!$A$2:$B$9,2,FALSE()),0)) -> 8.88 | U6: =IF(A6="",0,IFERROR(L6*C6*VLOOKUP(M6,'TABELA DE PESOS'!$A$2:$B$9,2,FALSE()),0)) -> 0 | V6: =IF(A6="","",2*(D6-2*F6)/100+2*(E6-2*F6)/100+2*10*(O6/1000)) -> 1.36 | W6: =IF(A6="","",IFERROR(ROUNDUP(C6/P6,0)+1,0)) -> 35 | X6: =IF(A6="",0,IFERROR(N6*V6*W6*VLOOKUP(O6,'TABELA DE PESOS'!$A$2:$B$9,2,FALSE()),0)) -> 18.802 | Z6: =IF(A6="",0,R6+T6+U6+X6) -> 51.352 | AA6: =IF(A6="",0,(D6/100)*(E6/100)*C6) -> 0.5 | AB6: =IF(A6="",0,(2*(E6/100)+D6/100)*C6) -> 6
A7: V2 | B7: Piso 2 | C7: 8 | D7: 25 | E7: 60 | F7: 2.5 | G7: 50 | H7: 4 | I7: 20 | J7: 2 | K7: 16 | N7: 1 | O7: 8 | P7: 0.15 | Q7: =IF(A7="","",C7+IF(C7>12,G7*I7/1000,0)) -> 8 | R7: =IF(A7="",0,IFERROR(H7*Q7*VLOOKUP(I7,'TABELA DE PESOS'!$A$2:$B$9,2,FALSE()),0)) -> 78.912 | S7: =IF(A7="","",C7+IF(C7>12,G7*K7/1000,0)) -> 8 | T7: =IF(A7="",0,IFERROR(J7*S7*VLOOKUP(K7,'TABELA DE PESOS'!$A$2:$B$9,2,FALSE()),0)) -> 25.248 | U7: =IF(A7="",0,IFERROR(L7*C7*VLOOKUP(M7,'TABELA DE PESOS'!$A$2:$B$9,2,FALSE()),0)) -> 0 | V7: =IF(A7="","",2*(D7-2*F7)/100+2*(E7-2*F7)/100+2*10*(O7/1000)) -> 1.66 | W7: =IF(A7="","",IFERROR(ROUNDUP(C7/P7,0)+1,0)) -> 55 | X7: =IF(A7="",0,IFERROR(N7*V7*W7*VLOOKUP(O7,'TABELA DE PESOS'!$A$2:$B$9,2,FALSE()),0)) -> 36.0635 | Z7: =IF(A7="",0,R7+T7+U7+X7) -> 140.2235 | AA7: =IF(A7="",0,(D7/100)*(E7/100)*C7) -> 1.2 | AB7: =IF(A7="",0,(2*(E7/100)+D7/100)*C7) -> 11.6
F8: 2.5 | G8: 50 | Q8: =IF(A8="","",C8+IF(C8>12,G8*I8/1000,0)) | R8: =IF(A8="",0,IFERROR(H8*Q8*VLOOKUP(I8,'TABELA DE PESOS'!$A$2:$B$9,2,FALSE()),0)) -> 0 | S8: =IF(A8="","",C8+IF(C8>12,G8*K8/1000,0)) | T8: =IF(A8="",0,IFERROR(J8*S8*VLOOKUP(K8,'TABELA DE PESOS'!$A$2:$B$9,2,FALSE()),0)) -> 0 | U8: =IF(A8="",0,IFERROR(L8*C8*VLOOKUP(M8,'TABELA DE PESOS'!$A$2:$B$9,2,FALSE()),0)) -> 0 | V8: =IF(A8="","",2*(D8-2*F8)/100+2*(E8-2*F8)/100+2*10*(O8/1000)) | W8: =IF(A8="","",IFERROR(ROUNDUP(C8/P8,0)+1,0)) | X8: =IF(A8="",0,IFERROR(N8*V8*W8*VLOOKUP(O8,'TABELA DE PESOS'!$A$2:$B$9,2,FALSE()),0)) -> 0 | Z8: =IF(A8="",0,R8+T8+U8+X8) -> 0 | AA8: =IF(A8="",0,(D8/100)*(E8/100)*C8) -> 0 | AB8: =IF(A8="",0,(2*(E8/100)+D8/100)*C8) -> 0
F9: 2.5 | G9: 50 | Q9: =IF(A9="","",C9+IF(C9>12,G9*I9/1000,0)) | R9: =IF(A9="",0,IFERROR(H9*Q9*VLOOKUP(I9,'TABELA DE PESOS'!$A$2:$B$9,2,FALSE()),0)) -> 0 | S9: =IF(A9="","",C9+IF(C9>12,G9*K9/1000,0)) | T9: =IF(A9="",0,IFERROR(J9*S9*VLOOKUP(K9,'TABELA DE PESOS'!$A$2:$B$9,2,FALSE()),0)) -> 0 | U9: =IF(A9="",0,IFERROR(L9*C9*VLOOKUP(M9,'TABELA DE PESOS'!$A$2:$B$9,2,FALSE()),0)) -> 0 | V9: =IF(A9="","",2*(D9-2*F9)/100+2*(E9-2*F9)/100+2*10*(O9/1000)) | W9: =IF(A9="","",IFERROR(ROUNDUP(C9/P9,0)+1,0)) | X9: =IF(A9="",0,IFERROR(N9*V9*W9*VLOOKUP(O9,'TABELA DE PESOS'!$A$2:$B$9,2,FALSE()),0)) -> 0 | Z9: =IF(A9="",0,R9+T9+U9+X9) -> 0 | AA9: =IF(A9="",0,(D9/100)*(E9/100)*C9) -> 0 | AB9: =IF(A9="",0,(2*(E9/100)+D9/100)*C9) -> 0
F10: 2.5 | G10: 50 | Q10: =IF(A10="","",C10+IF(C10>12,G10*I10/1000,0)) | R10: =IF(A10="",0,IFERROR(H10*Q10*VLOOKUP(I10,'TABELA DE PESOS'!$A$2:$B$9,2,FALSE()),0)) -> 0 | S10: =IF(A10="","",C10+IF(C10>12,G10*K10/1000,0)) | T10: =IF(A10="",0,IFERROR(J10*S10*VLOOKUP(K10,'TABELA DE PESOS'!$A$2:$B$9,2,FALSE()),0)) -> 0 | U10: =IF(A10="",0,IFERROR(L10*C10*VLOOKUP(M10,'TABELA DE PESOS'!$A$2:$B$9,2,FALSE()),0)) -> 0 | V10: =IF(A10="","",2*(D10-2*F10)/100+2*(E10-2*F10)/100+2*10*(O10/1000)) | W10: =IF(A10="","",IFERROR(ROUNDUP(C10/P10,0)+1,0)) | X10: =IF(A10="",0,IFERROR(N10*V10*W10*VLOOKUP(O10,'TABELA DE PESOS'!$A$2:$B$9,2,FALSE()),0)) -> 0 | Z10: =IF(A10="",0,R10+T10+U10+X10) -> 0 | AA10: =IF(A10="",0,(D10/100)*(E10/100)*C10) -> 0 | AB10: =IF(A10="",0,(2*(E10/100)+D10/100)*C10) -> 0
F11: 2.5 | G11: 50 | Q11: =IF(A11="","",C11+IF(C11>12,G11*I11/1000,0)) | R11: =IF(A11="",0,IFERROR(H11*Q11*VLOOKUP(I11,'TABELA DE PESOS'!$A$2:$B$9,2,FALSE()),0)) -> 0 | S11: =IF(A11="","",C11+IF(C11>12,G11*K11/1000,0)) | T11: =IF(A11="",0,IFERROR(J11*S11*VLOOKUP(K11,'TABELA DE PESOS'!$A$2:$B$9,2,FALSE()),0)) -> 0 | U11: =IF(A11="",0,IFERROR(L11*C11*VLOOKUP(M11,'TABELA DE PESOS'!$A$2:$B$9,2,FALSE()),0)) -> 0 | V11: =IF(A11="","",2*(D11-2*F11)/100+2*(E11-2*F11)/100+2*10*(O11/1000)) | W11: =IF(A11="","",IFERROR(ROUNDUP(C11/P11,0)+1,0)) | X11: =IF(A11="",0,IFERROR(N11*V11*W11*VLOOKUP(O11,'TABELA DE PESOS'!$A$2:$B$9,2,FALSE()),0)) -> 0 | Z11: =IF(A11="",0,R11+T11+U11+X11) -> 0 | AA11: =IF(A11="",0,(D11/100)*(E11/100)*C11) -> 0 | AB11: =IF(A11="",0,(2*(E11/100)+D11/100)*C11) -> 0
F12: 2.5 | G12: 50 | Q12: =IF(A12="","",C12+IF(C12>12,G12*I12/1000,0)) | R12: =IF(A12="",0,IFERROR(H12*Q12*VLOOKUP(I12,'TABELA DE PESOS'!$A$2:$B$9,2,FALSE()),0)) -> 0 | S12: =IF(A12="","",C12+IF(C12>12,G12*K12/1000,0)) | T12: =IF(A12="",0,IFERROR(J12*S12*VLOOKUP(K12,'TABELA DE PESOS'!$A$2:$B$9,2,FALSE()),0)) -> 0 | U12: =IF(A12="",0,IFERROR(L12*C12*VLOOKUP(M12,'TABELA DE PESOS'!$A$2:$B$9,2,FALSE()),0)) -> 0 | V12: =IF(A12="","",2*(D12-2*F12)/100+2*(E12-2*F12)/100+2*10*(O12/1000)) | W12: =IF(A12="","",IFERROR(ROUNDUP(C12/P12,0)+1,0)) | X12: =IF(A12="",0,IFERROR(N12*V12*W12*VLOOKUP(O12,'TABELA DE PESOS'!$A$2:$B$9,2,FALSE()),0)) -> 0 | Z12: =IF(A12="",0,R12+T12+U12+X12) -> 0 | AA12: =IF(A12="",0,(D12/100)*(E12/100)*C12) -> 0 | AB12: =IF(A12="",0,(2*(E12/100)+D12/100)*C12) -> 0
F13: 2.5 | G13: 50 | Q13: =IF(A13="","",C13+IF(C13>12,G13*I13/1000,0)) | R13: =IF(A13="",0,IFERROR(H13*Q13*VLOOKUP(I13,'TABELA DE PESOS'!$A$2:$B$9,2,FALSE()),0)) -> 0 | S13: =IF(A13="","",C13+IF(C13>12,G13*K13/1000,0)) | T13: =IF(A13="",0,IFERROR(J13*S13*VLOOKUP(K13,'TABELA DE PESOS'!$A$2:$B$9,2,FALSE()),0)) -> 0 | U13: =IF(A13="",0,IFERROR(L13*C13*VLOOKUP(M13,'TABELA DE PESOS'!$A$2:$B$9,2,FALSE()),0)) -> 0 | V13: =IF(A13="","",2*(D13-2*F13)/100+2*(E13-2*F13)/100+2*10*(O13/1000)) | W13: =IF(A13="","",IFERROR(ROUNDUP(C13/P13,0)+1,0)) | X13: =IF(A13="",0,IFERROR(N13*V13*W13*VLOOKUP(O13,'TABELA DE PESOS'!$A$2:$B$9,2,FALSE()),0)) -> 0 | Z13: =IF(A13="",0,R13+T13+U13+X13) -> 0 | AA13: =IF(A13="",0,(D13/100)*(E13/100)*C13) -> 0 | AB13: =IF(A13="",0,(2*(E13/100)+D13/100)*C13) -> 0
F14: 2.5 | G14: 50 | Q14: =IF(A14="","",C14+IF(C14>12,G14*I14/1000,0)) | R14: =IF(A14="",0,IFERROR(H14*Q14*VLOOKUP(I14,'TABELA DE PESOS'!$A$2:$B$9,2,FALSE()),0)) -> 0 | S14: =IF(A14="","",C14+IF(C14>12,G14*K14/1000,0)) | T14: =IF(A14="",0,IFERROR(J14*S14*VLOOKUP(K14,'TABELA DE PESOS'!$A$2:$B$9,2,FALSE()),0)) -> 0 | U14: =IF(A14="",0,IFERROR(L14*C14*VLOOKUP(M14,'TABELA DE PESOS'!$A$2:$B$9,2,FALSE()),0)) -> 0 | V14: =IF(A14="","",2*(D14-2*F14)/100+2*(E14-2*F14)/100+2*10*(O14/1000)) | W14: =IF(A14="","",IFERROR(ROUNDUP(C14/P14,0)+1,0)) | X14: =IF(A14="",0,IFERROR(N14*V14*W14*VLOOKUP(O14,'TABELA DE PESOS'!$A$2:$B$9,2,FALSE()),0)) -> 0 | Z14: =IF(A14="",0,R14+T14+U14+X14) -> 0 | AA14: =IF(A14="",0,(D14/100)*(E14/100)*C14) -> 0 | AB14: =IF(A14="",0,(2*(E14/100)+D14/100)*C14) -> 0
F15: 2.5 | G15: 50 | Q15: =IF(A15="","",C15+IF(C15>12,G15*I15/1000,0)) | R15: =IF(A15="",0,IFERROR(H15*Q15*VLOOKUP(I15,'TABELA DE PESOS'!$A$2:$B$9,2,FALSE()),0)) -> 0 | S15: =IF(A15="","",C15+IF(C15>12,G15*K15/1000,0)) | T15: =IF(A15="",0,IFERROR(J15*S15*VLOOKUP(K15,'TABELA DE PESOS'!$A$2:$B$9,2,FALSE()),0)) -> 0 | U15: =IF(A15="",0,IFERROR(L15*C15*VLOOKUP(M15,'TABELA DE PESOS'!$A$2:$B$9,2,FALSE()),0)) -> 0 | V15: =IF(A15="","",2*(D15-2*F15)/100+2*(E15-2*F15)/100+2*10*(O15/1000)) | W15: =IF(A15="","",IFERROR(ROUNDUP(C15/P15,0)+1,0)) | X15: =IF(A15="",0,IFERROR(N15*V15*W15*VLOOKUP(O15,'TABELA DE PESOS'!$A$2:$B$9,2,FALSE()),0)) -> 0 | Z15: =IF(A15="",0,R15+T15+U15+X15) -> 0 | AA15: =IF(A15="",0,(D15/100)*(E15/100)*C15) -> 0 | AB15: =IF(A15="",0,(2*(E15/100)+D15/100)*C15) -> 0
F16: 2.5 | G16: 50 | Q16: =IF(A16="","",C16+IF(C16>12,G16*I16/1000,0)) | R16: =IF(A16="",0,IFERROR(H16*Q16*VLOOKUP(I16,'TABELA DE PESOS'!$A$2:$B$9,2,FALSE()),0)) -> 0 | S16: =IF(A16="","",C16+IF(C16>12,G16*K16/1000,0)) | T16: =IF(A16="",0,IFERROR(J16*S16*VLOOKUP(K16,'TABELA DE PESOS'!$A$2:$B$9,2,FALSE()),0)) -> 0 | U16: =IF(A16="",0,IFERROR(L16*C16*VLOOKUP(M16,'TABELA DE PESOS'!$A$2:$B$9,2,FALSE()),0)) -> 0 | V16: =IF(A16="","",2*(D16-2*F16)/100+2*(E16-2*F16)/100+2*10*(O16/1000)) | W16: =IF(A16="","",IFERROR(ROUNDUP(C16/P16,0)+1,0)) | X16: =IF(A16="",0,IFERROR(N16*V16*W16*VLOOKUP(O16,'TABELA DE PESOS'!$A$2:$B$9,2,FALSE()),0)) -> 0 | Z16: =IF(A16="",0,R16+T16+U16+X16) -> 0 | AA16: =IF(A16="",0,(D16/100)*(E16/100)*C16) -> 0 | AB16: =IF(A16="",0,(2*(E16/100)+D16/100)*C16) -> 0
F17: 2.5 | G17: 50 | Q17: =IF(A17="","",C17+IF(C17>12,G17*I17/1000,0)) | R17: =IF(A17="",0,IFERROR(H17*Q17*VLOOKUP(I17,'TABELA DE PESOS'!$A$2:$B$9,2,FALSE()),0)) -> 0 | S17: =IF(A17="","",C17+IF(C17>12,G17*K17/1000,0)) | T17: =IF(A17="",0,IFERROR(J17*S17*VLOOKUP(K17,'TABELA DE PESOS'!$A$2:$B$9,2,FALSE()),0)) -> 0 | U17: =IF(A17="",0,IFERROR(L17*C17*VLOOKUP(M17,'TABELA DE PESOS'!$A$2:$B$9,2,FALSE()),0)) -> 0 | V17: =IF(A17="","",2*(D17-2*F17)/100+2*(E17-2*F17)/100+2*10*(O17/1000)) | W17: =IF(A17="","",IFERROR(ROUNDUP(C17/P17,0)+1,0)) | X17: =IF(A17="",0,IFERROR(N17*V17*W17*VLOOKUP(O17,'TABELA DE PESOS'!$A$2:$B$9,2,FALSE()),0)) -> 0 | Z17: =IF(A17="",0,R17+T17+U17+X17) -> 0 | AA17: =IF(A17="",0,(D17/100)*(E17/100)*C17) -> 0 | AB17: =IF(A17="",0,(2*(E17/100)+D17/100)*C17) -> 0
F18: 2.5 | G18: 50 | Q18: =IF(A18="","",C18+IF(C18>12,G18*I18/1000,0)) | R18: =IF(A18="",0,IFERROR(H18*Q18*VLOOKUP(I18,'TABELA DE PESOS'!$A$2:$B$9,2,FALSE()),0)) -> 0 | S18: =IF(A18="","",C18+IF(C18>12,G18*K18/1000,0)) | T18: =IF(A18="",0,IFERROR(J18*S18*VLOOKUP(K18,'TABELA DE PESOS'!$A$2:$B$9,2,FALSE()),0)) -> 0 | U18: =IF(A18="",0,IFERROR(L18*C18*VLOOKUP(M18,'TABELA DE PESOS'!$A$2:$B$9,2,FALSE()),0)) -> 0 | V18: =IF(A18="","",2*(D18-2*F18)/100+2*(E18-2*F18)/100+2*10*(O18/1000)) | W18: =IF(A18="","",IFERROR(ROUNDUP(C18/P18,0)+1,0)) | X18: =IF(A18="",0,IFERROR(N18*V18*W18*VLOOKUP(O18,'TABELA DE PESOS'!$A$2:$B$9,2,FALSE()),0)) -> 0 | Z18: =IF(A18="",0,R18+T18+U18+X18) -> 0 | AA18: =IF(A18="",0,(D18/100)*(E18/100)*C18) -> 0 | AB18: =IF(A18="",0,(2*(E18/100)+D18/100)*C18) -> 0
F19: 2.5 | G19: 50 | Q19: =IF(A19="","",C19+IF(C19>12,G19*I19/1000,0)) | R19: =IF(A19="",0,IFERROR(H19*Q19*VLOOKUP(I19,'TABELA DE PESOS'!$A$2:$B$9,2,FALSE()),0)) -> 0 | S19: =IF(A19="","",C19+IF(C19>12,G19*K19/1000,0)) | T19: =IF(A19="",0,IFERROR(J19*S19*VLOOKUP(K19,'TABELA DE PESOS'!$A$2:$B$9,2,FALSE()),0)) -> 0 | U19: =IF(A19="",0,IFERROR(L19*C19*VLOOKUP(M19,'TABELA DE PESOS'!$A$2:$B$9,2,FALSE()),0)) -> 0 | V19: =IF(A19="","",2*(D19-2*F19)/100+2*(E19-2*F19)/100+2*10*(O19/1000)) | W19: =IF(A19="","",IFERROR(ROUNDUP(C19/P19,0)+1,0)) | X19: =IF(A19="",0,IFERROR(N19*V19*W19*VLOOKUP(O19,'TABELA DE PESOS'!$A$2:$B$9,2,FALSE()),0)) -> 0 | Z19: =IF(A19="",0,R19+T19+U19+X19) -> 0 | AA19: =IF(A19="",0,(D19/100)*(E19/100)*C19) -> 0 | AB19: =IF(A19="",0,(2*(E19/100)+D19/100)*C19) -> 0
... F25: 2.5 | G25: 50 | Q25: =IF(A25="","",C25+IF(C25>12,G25*I25/1000,0)) | R25: =IF(A25="",0,IFERROR(H25*Q25*VLOOKUP(I25,'TABELA DE PESOS'!$A$2:$B$9,2,FALSE()),0)) -> 0 | S25: =IF(A25="","",C25+IF(C25>12,G25*K25/1000,0)) | T25: =IF(A25="",0,IFERROR(J25*S25*VLOOKUP(K25,'TABELA DE PESOS'!$A$2:$B$9,2,FALSE()),0)) -> 0 | U25: =IF(A25="",0,IFERROR(L25*C25*VLOOKUP(M25,'TABELA DE PESOS'!$A$2:$B$9,2,FALSE()),0)) -> 0 | V25: =IF(A25="","",2*(D25-2*F25)/100+2*(E25-2*F25)/100+2*10*(O25/1000)) | W25: =IF(A25="","",IFERROR(ROUNDUP(C25/P25,0)+1,0)) | X25: =IF(A25="",0,IFERROR(N25*V25*W25*VLOOKUP(O25,'TABELA DE PESOS'!$A$2:$B$9,2,FALSE()),0)) -> 0 | Z25: =IF(A25="",0,R25+T25+U25+X25) -> 0 | AA25: =IF(A25="",0,(D25/100)*(E25/100)*C25) -> 0 | AB25: =IF(A25="",0,(2*(E25/100)+D25/100)*C25) -> 0
A26: TOTAL GERAL | R26: =SUM(R6:R25) -> 102.582 | T26: =SUM(T6:T25) -> 34.128 | U26: =SUM(U6:U25) -> 0 | X26: =SUM(X6:X25) -> 54.8655 | Z26: =SUM(Z6:Z25) -> 191.5755 | AA26: =SUM(AA6:AA25) -> 1.7 | AB26: =SUM(AB6:AB25) -> 17.6

Sheet LAJES
A1: LEVANTAMENTO — LAJES
A2: Azul=entrada | Verde=calculado (perímetro) | Laranja=ferro | Roxo=betão | Amarelo=cofragem
A4: IDENTIFICAÇÃO | E4: GEOMETRIA | J4: ARM. INF. POSITIVA | N4: ARM. SUP. NEGATIVA (BORDO) | T4: TEMPERATURA | V4: ALIGEIRADA | Y4: PERÍM. | Z4: PESO ARM. INFERIOR | AH4: PESO ARM. SUP. (BORDO) | AL4: PESO TEMPERATURA | AO4: FERRO | AP4: BETÃO | AQ4: COFRAG.
A5: Laje | B5: Tipo | C5: Piso | D5: Descrição | E5: Lx (m) | F5: Ly (m) | G5: h (cm) | H5: Cobr. (cm) | I5: d útil (cm) | J5: Ø X inf (mm) | K5: Esp. X inf (m) | L5: Ø Y inf (mm) | M5: Esp. Y inf (m) | N5: Ø X sup (mm) | O5: Esp. X sup (m) | P5: Comp. X sup (m) | Q5: Ø Y sup (mm) | R5: Esp. Y sup (m) | S5: Comp. Y sup (m) | T5: Ø Temp (mm) | U5: Esp. Temp (m) | V5: bw nerv. (cm) | W5: Esp. nerv. (m) | X5: Qtd fiadas | Y5: Perímetro (m) | Z5: Qtd X inf | AA5: Comp.barra X inf (m) | AB5: Empalme X inf (m) | AC5: Peso X inf (kg) | AD5: Qtd Y inf | AE5: Comp.barra Y inf (m) | AF5: Empalme Y inf (m) | AG5: Peso Y inf (kg) | AH5: Qtd X sup | AI5: Peso X sup (kg) | AJ5: Qtd Y sup | AK5: Peso Y sup (kg) | AL5: Qtd Temp | AM5: Comp.barra Temp (m) | AN5: Peso Temp (kg) | AO5: PESO FERRO (kg) | AP5: Volume Betão (m³) | AQ5: Área Cofrag. (m²)
A6: L1 | B6: Maciça | C6: Piso 1 | D6: Laje sala piso 1 | E6: 5 | F6: 4 | G6: 15 | H6: 2 | I6: =IF(A6="","",G6-H6-0.5) -> 12.5 | J6: 10 | K6: 0.2 | L6: 10 | M6: 0.2 | N6: 10 | O6: 0.2 | P6: 1.25 | Q6: 10 | R6: 0.2 | S6: 1 | T6: 6 | U6: 0.2 | Y6: =IF(A6="","",2*(E6+F6)) -> 18 | Z6: =IF(A6="","",IFERROR(ROUNDUP(F6/K6,0)+1,0)) -> 21 | AA6: =IF(A6="","",E6+2*10*(J6/1000)) -> 5.2 | AB6: =IF(A6="","",IF(AA6>12,50*J6/1000,0)) -> 0 | AC6: =IF(A6="",0,IFERROR(Z6*(AA6+AB6)*VLOOKUP(J6,'TABELA DE PESOS'!$A$2:$B$9,2,FALSE()),0)) -> 67.3764 | AD6: =IF(A6="","",IFERROR(ROUNDUP(E6/M6,0)+1,0)) -> 26 | AE6: =IF(A6="","",F6+2*10*(L6/1000)) -> 4.2 | AF6: =IF(A6="","",IF(AE6>12,50*L6/1000,0)) -> 0 | AG6: =IF(A6="",0,IFERROR(AD6*(AE6+AF6)*VLOOKUP(L6,'TABELA DE PESOS'!$A$2:$B$9,2,FALSE()),0)) -> 67.3764 | AH6: =IF(A6="","",IFERROR(2*(ROUNDUP(F6/O6,0)+1),0)) -> 42 | AI6: =IF(A6="",0,IFERROR(AH6*P6*VLOOKUP(N6,'TABELA DE PESOS'!$A$2:$B$9,2,FALSE()),0)) -> 32.3925 | AJ6: =IF(A6="","",IFERROR(2*(ROUNDUP(E6/R6,0)+1),0)) -> 52 | AK6: =IF(A6="",0,IFERROR(AJ6*S6*VLOOKUP(Q6,'TABELA DE PESOS'!$A$2:$B$9,2,FALSE()),0)) -> 32.084 | AL6: =IF(A6="","",IFERROR(ROUNDUP(Y6/U6,0),0)) -> 90 | AM6: =IF(A6="","",MAX(E6,F6)) -> 5 | AN6: =IF(A6="",0,IFERROR(AL6*AM6*VLOOKUP(T6,'TABELA DE PESOS'!$A$2:$B$9,2,FALSE()),0)) -> 99.9 | AO6: =IF(A6="",0,AC6+AG6+AI6+AK6+AN6) -> 299.1293 | AP6: =IF(A6="",0,IF(B6="Aligeirada",E6*F6*G6/100*0.65,E6*F6*G6/100)) -> 3 | AQ6: =IF(A6="",0,E6*F6+Y6*G6/100) -> 22.7
A7: L2 | B7: Aligeirada | C7: Piso 0 | D7: Laje nervurada sala piso 0 | E7: 6 | F7: 5 | G7: 20 | H7: 2 | I7: =IF(A7="","",G7-H7-0.5) -> 17.5 | J7: 12 | K7: 0.4 | L7: 12 | M7: 0.4 | N7: 10 | O7: 0.2 | P7: 1.5 | Q7: 10 | R7: 0.2 | S7: 1.25 | T7: 6 | U7: 0.2 | V7: 12 | W7: 0.4 | Y7: =IF(A7="","",2*(E7+F7)) -> 22 | Z7: =IF(A7="","",IFERROR(ROUNDUP(F7/K7,0)+1,0)) -> 14 | AA7: =IF(A7="","",E7+2*10*(J7/1000)) -> 6.24 | AB7: =IF(A7="","",IF(AA7>12,50*J7/1000,0)) -> 0 | AC7: =IF(A7="",0,IFERROR(Z7*(AA7+AB7)*VLOOKUP(J7,'TABELA DE PESOS'!$A$2:$B$9,2,FALSE()),0)) -> 77.57568 | AD7: =IF(A7="","",IFERROR(ROUNDUP(E7/M7,0)+1,0)) -> 16 | AE7: =IF(A7="","",F7+2*10*(L7/1000)) -> 5.24 | AF7: =IF(A7="","",IF(AE7>12,50*L7/1000,0)) -> 0 | AG7: =IF(A7="",0,IFERROR(AD7*(AE7+AF7)*VLOOKUP(L7,'TABELA DE PESOS'!$A$2:$B$9,2,FALSE()),0)) -> 74.44992 | AH7: =IF(A7="","",IFERROR(2*(ROUNDUP(F7/O7,0)+1),0)) -> 52 | AI7: =IF(A7="",0,IFERROR(AH7*P7*VLOOKUP(N7,'TABELA DE PESOS'!$A$2:$B$9,2,FALSE()),0)) -> 48.126 | AJ7: =IF(A7="","",IFERROR(2*(ROUNDUP(E7/R7,0)+1),0)) -> 62 | AK7: =IF(A7="",0,IFERROR(AJ7*S7*VLOOKUP(Q7,'TABELA DE PESOS'!$A$2:$B$9,2,FALSE()),0)) -> 47.8175 | AL7: =IF(A7="","",IFERROR(ROUNDUP(Y7/U7,0),0)) -> 110 | AM7: =IF(A7="","",MAX(E7,F7)) -> 6 | AN7: =IF(A7="",0,IFERROR(AL7*AM7*VLOOKUP(T7,'TABELA DE PESOS'!$A$2:$B$9,2,FALSE()),0)) -> 146.52 | AO7: =IF(A7="",0,AC7+AG7+AI7+AK7+AN7) -> 394.4891 | AP7: =IF(A7="",0,IF(B7="Aligeirada",E7*F7*G7/100*0.65,E7*F7*G7/100)) -> 3.9 | AQ7: =IF(A7="",0,E7*F7+Y7*G7/100) -> 34.4
A8: L3 | B8: Maciça | C8: Cobertura | D8: Laje cobertura | E8: 4 | F8: 3.5 | G8: 12 | H8: 2 | I8: =IF(A8="","",G8-H8-0.5) -> 9.5 | J8: 8 | K8: 0.2 | L8: 8 | M8: 0.2 | N8: 8 | O8: 0.2 | P8: 1 | Q8: 8 | R8: 0.2 | S8: 0.88 | T8: 6 | U8: 0.2 | Y8: =IF(A8="","",2*(E8+F8)) -> 15 | Z8: =IF(A8="","",IFERROR(ROUNDUP(F8/K8,0)+1,0)) -> 19 | AA8: =IF(A8="","",E8+2*10*(J8/1000)) -> 4.16 | AB8: =IF(A8="","",IF(AA8>12,50*J8/1000,0)) -> 0 | AC8: =IF(A8="",0,IFERROR(Z8*(AA8+AB8)*VLOOKUP(J8,'TABELA DE PESOS'!$A$2:$B$9,2,FALSE()),0)) -> 31.2208 | AD8: =IF(A8="","",IFERROR(ROUNDUP(E8/M8,0)+1,0)) -> 21 | AE8: =IF(A8="","",F8+2*10*(L8/1000)) -> 3.66 | AF8: =IF(A8="","",IF(AE8>12,50*L8/1000,0)) -> 0 | AG8: =IF(A8="",0,IFERROR(AD8*(AE8+AF8)*VLOOKUP(L8,'TABELA DE PESOS'!$A$2:$B$9,2,FALSE()),0)) -> 30.3597 | AH8: =IF(A8="","",IFERROR(2*(ROUNDUP(F8/O8,0)+1),0)) -> 38 | AI8: =IF(A8="",0,IFERROR(AH8*P8*VLOOKUP(N8,'TABELA DE PESOS'!$A$2:$B$9,2,FALSE()),0)) -> 15.01 | AJ8: =IF(A8="","",IFERROR(2*(ROUNDUP(E8/R8,0)+1),0)) -> 42 | AK8: =IF(A8="",0,IFERROR(AJ8*S8*VLOOKUP(Q8,'TABELA DE PESOS'!$A$2:$B$9,2,FALSE()),0)) -> 14.5992 | AL8: =IF(A8="","",IFERROR(ROUNDUP(Y8/U8,0),0)) -> 75 | AM8: =IF(A8="","",MAX(E8,F8)) -> 4 | AN8: =IF(A8="",0,IFERROR(AL8*AM8*VLOOKUP(T8,'TABELA DE PESOS'!$A$2:$B$9,2,FALSE()),0)) -> 66.6 | AO8: =IF(A8="",0,AC8+AG8+AI8+AK8+AN8) -> 157.7897 | AP8: =IF(A8="",0,IF(B8="Aligeirada",E8*F8*G8/100*0.65,E8*F8*G8/100)) -> 1.68 | AQ8: =IF(A8="",0,E8*F8+Y8*G8/100) -> 15.8
H9: 2 | I9: =IF(A9="","",G9-H9-0.5) | T9: 6 | U9: 0.2 | Y9: =IF(A9="","",2*(E9+F9)) | Z9: =IF(A9="","",IFERROR(ROUNDUP(F9/K9,0)+1,0)) | AA9: =IF(A9="","",E9+2*10*(J9/1000)) | AB9: =IF(A9="","",IF(AA9>12,50*J9/1000,0)) | AC9: =IF(A9="",0,IFERROR(Z9*(AA9+AB9)*VLOOKUP(J9,'TABELA DE PESOS'!$A$2:$B$9,2,FALSE()),0)) -> 0 | AD9: =IF(A9="","",IFERROR(ROUNDUP(E9/M9,0)+1,0)) | AE9: =IF(A9="","",F9+2*10*(L9/1000)) | AF9: =IF(A9="","",IF(AE9>12,50*L9/1000,0)) | AG9: =IF(A9="",0,IFERROR(AD9*(AE9+AF9)*VLOOKUP(L9,'TABELA DE PESOS'!$A$2:$B$9,2,FALSE()),0)) -> 0 | AH9: =IF(A9="","",IFERROR(2*(ROUNDUP(F9/O9,0)+1),0)) | AI9: =IF(A9="",0,IFERROR(AH9*P9*VLOOKUP(N9,'TABELA DE PESOS'!$A$2:$B$9,2,FALSE()),0)) -> 0 | AJ9: =IF(A9="","",IFERROR(2*(ROUNDUP(E9/R9,0)+1),0)) | AK9: =IF(A9="",0,IFERROR(AJ9*S9*VLOOKUP(Q9,'TABELA DE PESOS'!$A$2:$B$9,2,FALSE()),0)) -> 0 | AL9: =IF(A9="","",IFERROR(ROUNDUP(Y9/U9,0),0)) | AM9: =IF(A9="","",MAX(E9,F9)) | AN9: =IF(A9="",0,IFERROR(AL9*AM9*VLOOKUP(T9,'TABELA DE PESOS'!$A$2:$B$9,2,FALSE()),0)) -> 0 | AO9: =IF(A9="",0,AC9+AG9+AI9+AK9+AN9) -> 0 | AP9: =IF(A9="",0,IF(B9="Aligeirada",E9*F9*G9/100*0.65,E9*F9*G9/100)) -> 0 | AQ9: =IF(A9="",0,E9*F9+Y9*G9/100) -> 0
H10: 2 | I10: =IF(A10="","",G10-H10-0.5) | T10: 6 | U10: 0.2 | Y10: =IF(A10="","",2*(E10+F10)) | Z10: =IF(A10="","",IFERROR(ROUNDUP(F10/K10,0)+1,0)) | AA10: =IF(A10="","",E10+2*10*(J10/1000)) | AB10: =IF(A10="","",IF(AA10>12,50*J10/1000,0)) | AC10: =IF(A10="",0,IFERROR(Z10*(AA10+AB10)*VLOOKUP(J10,'TABELA DE PESOS'!$A$2:$B$9,2,FALSE()),0)) -> 0 | AD10: =IF(A10="","",IFERROR(ROUNDUP(E10/M10,0)+1,0)) | AE10: =IF(A10="","",F10+2*10*(L10/1000)) | AF10: =IF(A10="","",IF(AE10>12,50*L10/1000,0)) | AG10: =IF(A10="",0,IFERROR(AD10*(AE10+AF10)*VLOOKUP(L10,'TABELA DE PESOS'!$A$2:$B$9,2,FALSE()),0)) -> 0 | AH10: =IF(A10="","",IFERROR(2*(ROUNDUP(F10/O10,0)+1),0)) | AI10: =IF(A10="",0,IFERROR(AH10*P10*VLOOKUP(N10,'TABELA DE PESOS'!$A$2:$B$9,2,FALSE()),0)) -> 0 | AJ10: =IF(A10="","",IFERROR(2*(ROUNDUP(E10/R10,0)+1),0)) | AK10: =IF(A10="",0,IFERROR(AJ10*S10*VLOOKUP(Q10,'TABELA DE PESOS'!$A$2:$B$9,2,FALSE()),0)) -> 0 | AL10: =IF(A10="","",IFERROR(ROUNDUP(Y10/U10,0),0)) | AM10: =IF(A10="","",MAX(E10,F10)) | AN10: =IF(A10="",0,IFERROR(AL10*AM10*VLOOKUP(T10,'TABELA DE PESOS'!$A$2:$B$9,2,FALSE()),0)) -> 0 | AO10: =IF(A10="",0,AC10+AG10+AI10+AK10+AN10) -> 0 | AP10: =IF(A10="",0,IF(B10="Aligeirada",E10*F10*G10/100*0.65,E10*F10*G10/100)) -> 0 | AQ10: =IF(A10="",0,E10*F10+Y10*G10/100) -> 0
H11: 2 | I11: =IF(A11="","",G11-H11-0.5) | T11: 6 | U11: 0.2 | Y11: =IF(A11="","",2*(E11+F11)) | Z11: =IF(A11="","",IFERROR(ROUNDUP(F11/K11,0)+1,0)) | AA11: =IF(A11="","",E11+2*10*(J11/1000)) | AB11: =IF(A11="","",IF(AA11>12,50*J11/1000,0)) | AC11: =IF(A11="",0,IFERROR(Z11*(AA11+AB11)*VLOOKUP(J11,'TABELA DE PESOS'!$A$2:$B$9,2,FALSE()),0)) -> 0 | AD11: =IF(A11="","",IFERROR(ROUNDUP(E11/M11,0)+1,0)) | AE11: =IF(A11="","",F11+2*10*(L11/1000)) | AF11: =IF(A11="","",IF(AE11>12,50*L11/1000,0)) | AG11: =IF(A11="",0,IFERROR(AD11*(AE11+AF11)*VLOOKUP(L11,'TABELA DE PESOS'!$A$2:$B$9,2,FALSE()),0)) -> 0 | AH11: =IF(A11="","",IFERROR(2*(ROUNDUP(F11/O11,0)+1),0)) | AI11: =IF(A11="",0,IFERROR(AH11*P11*VLOOKUP(N11,'TABELA DE PESOS'!$A$2:$B$9,2,FALSE()),0)) -> 0 | AJ11: =IF(A11="","",IFERROR(2*(ROUNDUP(E11/R11,0)+1),0)) | AK11: =IF(A11="",0,IFERROR(AJ11*S11*VLOOKUP(Q11,'TABELA DE PESOS'!$A$2:$B$9,2,FALSE()),0)) -> 0 | AL11: =IF(A11="","",IFERROR(ROUNDUP(Y11/U11,0),0)) | AM11: =IF(A11="","",MAX(E11,F11)) | AN11: =IF(A11="",0,IFERROR(AL11*AM11*VLOOKUP(T11,'TABELA DE PESOS'!$A$2:$B$9,2,FALSE()),0)) -> 0 | AO11: =IF(A11="",0,AC11+AG11+AI11+AK11+AN11) -> 0 | AP11: =IF(A11="",0,IF(B11="Aligeirada",E11*F11*G11/100*0.65,E11*F11*G11/100)) -> 0 | AQ11: =IF(A11="",0,E11*F11+Y11*G11/100) -> 0
H12: 2 | I12: =IF(A12="","",G12-H12-0.5) | T12: 6 | U12: 0.2 | Y12: =IF(A12="","",2*(E12+F12)) | Z12: =IF(A12="","",IFERROR(ROUNDUP(F12/K12,0)+1,0)) | AA12: =IF(A12="","",E12+2*10*(J12/1000)) | AB12: =IF(A12="","",IF(AA12>12,50*J12/1000,0)) | AC12: =IF(A12="",0,IFERROR(Z12*(AA12+AB12)*VLOOKUP(J12,'TABELA DE PESOS'!$A$2:$B$9,2,FALSE()),0)) -> 0 | AD12: =IF(A12="","",IFERROR(ROUNDUP(E12/M12,0)+1,0)) | AE12: =IF(A12="","",F12+2*10*(L12/1000)) | AF12: =IF(A12="","",IF(AE12>12,50*L12/1000,0)) | AG12: =IF(A12="",0,IFERROR(AD12*(AE12+AF12)*VLOOKUP(L12,'TABELA DE PESOS'!$A$2:$B$9,2,FALSE()),0)) -> 0 | AH12: =IF(A12="","",IFERROR(2*(ROUNDUP(F12/O12,0)+1),0)) | AI12: =IF(A12="",0,IFERROR(AH12*P12*VLOOKUP(N12,'TABELA DE PESOS'!$A$2:$B$9,2,FALSE()),0)) -> 0 | AJ12: =IF(A12="","",IFERROR(2*(ROUNDUP(E12/R12,0)+1),0)) | AK12: =IF(A12="",0,IFERROR(AJ12*S12*VLOOKUP(Q12,'TABELA DE PESOS'!$A$2:$B$9,2,FALSE()),0)) -> 0 | AL12: =IF(A12="","",IFERROR(ROUNDUP(Y12/U12,0),0)) | AM12: =IF(A12="","",MAX(E12,F12)) | AN12: =IF(A12="",0,IFERROR(AL12*AM12*VLOOKUP(T12,'TABELA DE PESOS'!$A$2:$B$9,2,FALSE()),0)) -> 0 | AO12: =IF(A12="",0,AC12+AG12+AI12+AK12+AN12) -> 0 | AP12: =IF(A12="",0,IF(B12="Aligeirada",E12*F12*G12/100*0.65,E12*F12*G12/100)) -> 0 | AQ12: =IF(A12="",0,E12*F12+Y12*G12/100) -> 0
H13: 2 | I13: =IF(A13="","",G13-H13-0.5) | T13: 6 | U13: 0.2 | Y13: =IF(A13="","",2*(E13+F13)) | Z13: =IF(A13="","",IFERROR(ROUNDUP(F13/K13,0)+1,0)) | AA13: =IF(A13="","",E13+2*10*(J13/1000)) | AB13: =IF(A13="","",IF(AA13>12,50*J13/1000,0)) | AC13: =IF(A13="",0,IFERROR(Z13*(AA13+AB13)*VLOOKUP(J13,'TABELA DE PESOS'!$A$2:$B$9,2,FALSE()),0)) -> 0 | AD13: =IF(A13="","",IFERROR(ROUNDUP(E13/M13,0)+1,0)) | AE13: =IF(A13="","",F13+2*10*(L13/1000)) | AF13: =IF(A13="","",IF(AE13>12,50*L13/1000,0)) | AG13: =IF(A13="",0,IFERROR(AD13*(AE13+AF13)*VLOOKUP(L13,'TABELA DE PESOS'!$A$2:$B$9,2,FALSE()),0)) -> 0 | AH13: =IF(A13="","",IFERROR(2*(ROUNDUP(F13/O13,0)+1),0)) | AI13: =IF(A13="",0,IFERROR(AH13*P13*VLOOKUP(N13,'TABELA DE PESOS'!$A$2:$B$9,2,FALSE()),0)) -> 0 | AJ13: =IF(A13="","",IFERROR(2*(ROUNDUP(E13/R13,0)+1),0)) | AK13: =IF(A13="",0,IFERROR(AJ13*S13*VLOOKUP(Q13,'TABELA DE PESOS'!$A$2:$B$9,2,FALSE()),0)) -> 0 | AL13: =IF(A13="","",IFERROR(ROUNDUP(Y13/U13,0),0)) | AM13: =IF(A13="","",MAX(E13,F13)) | AN13: =IF(A13="",0,IFERROR(AL13*AM13*VLOOKUP(T13,'TABELA DE PESOS'!$A$2:$B$9,2,FALSE()),0)) -> 0 | AO13: =IF(A13="",0,AC13+AG13+AI13+AK13+AN13) -> 0 | AP13: =IF(A13="",0,IF(B13="Aligeirada",E13*F13*G13/100*0.65,E13*F13*G13/100)) -> 0 | AQ13: =IF(A13="",0,E13*F13+Y13*G13/100) -> 0
H14: 2 | I14: =IF(A14="","",G14-H14-0.5) | T14: 6 | U14: 0.2 | Y14: =IF(A14="","",2*(E14+F14)) | Z14: =IF(A14="","",IFERROR(ROUNDUP(F14/K14,0)+1,0)) | AA14: =IF(A14="","",E14+2*10*(J14/1000)) | AB14: =IF(A14="","",IF(AA14>12,50*J14/1000,0)) | AC14: =IF(A14="",0,IFERROR(Z14*(AA14+AB14)*VLOOKUP(J14,'TABELA DE PESOS'!$A$2:$B$9,2,FALSE()),0)) -> 0 | AD14: =IF(A14="","",IFERROR(ROUNDUP(E14/M14,0)+1,0)) | AE14: =IF(A14="","",F14+2*10*(L14/1000)) | AF14: =IF(A14="","",IF(AE14>12,50*L14/1000,0)) | AG14: =IF(A14="",0,IFERROR(AD14*(AE14+AF14)*VLOOKUP(L14,'TABELA DE PESOS'!$A$2:$B$9,2,FALSE()),0)) -> 0 | AH14: =IF(A14="","",IFERROR(2*(ROUNDUP(F14/O14,0)+1),0)) | AI14: =IF(A14="",0,IFERROR(AH14*P14*VLOOKUP(N14,'TABELA DE PESOS'!$A$2:$B$9,2,FALSE()),0)) -> 0 | AJ14: =IF(A14="","",IFERROR(2*(ROUNDUP(E14/R14,0)+1),0)) | AK14: =IF(A14="",0,IFERROR(AJ14*S14*VLOOKUP(Q14,'TABELA DE PESOS'!$A$2:$B$9,2,FALSE()),0)) -> 0 | AL14: =IF(A14="","",IFERROR(ROUNDUP(Y14/U14,0),0)) | AM14: =IF(A14="","",MAX(E14,F14)) | AN14: =IF(A14="",0,IFERROR(AL14*AM14*VLOOKUP(T14,'TABELA DE PESOS'!$A$2:$B$9,2,FALSE()),0)) -> 0 | AO14: =IF(A14="",0,AC14+AG14+AI14+AK14+AN14) -> 0 | AP14: =IF(A14="",0,IF(B14="Aligeirada",E14*F14*G14/100*0.65,E14*F14*G14/100)) -> 0 | AQ14: =IF(A14="",0,E14*F14+Y14*G14/100) -> 0
H15: 2 | I15: =IF(A15="","",G15-H15-0.5) | T15: 6 | U15: 0.2 | Y15: =IF(A15="","",2*(E15+F15)) | Z15: =IF(A15="","",IFERROR(ROUNDUP(F15/K15,0)+1,0)) | AA15: =IF(A15="","",E15+2*10*(J15/1000)) | AB15: =IF(A15="","",IF(AA15>12,50*J15/1000,0)) | AC15: =IF(A15="",0,IFERROR(Z15*(AA15+AB15)*VLOOKUP(J15,'TABELA DE PESOS'!$A$2:$B$9,2,FALSE()),0)) -> 0 | AD15: =IF(A15="","",IFERROR(ROUNDUP(E15/M15,0)+1,0)) | AE15: =IF(A15="","",F15+2*10*(L15/1000)) | AF15: =IF(A15="","",IF(AE15>12,50*L15/1000,0)) | AG15: =IF(A15="",0,IFERROR(AD15*(AE15+AF15)*VLOOKUP(L15,'TABELA DE PESOS'!$A$2:$B$9,2,FALSE()),0)) -> 0 | AH15: =IF(A15="","",IFERROR(2*(ROUNDUP(F15/O15,0)+1),0)) | AI15: =IF(A15="",0,IFERROR(AH15*P15*VLOOKUP(N15,'TABELA DE PESOS'!$A$2:$B$9,2,FALSE()),0)) -> 0 | AJ15: =IF(A15="","",IFERROR(2*(ROUNDUP(E15/R15,0)+1),0)) | AK15: =IF(A15="",0,IFERROR(AJ15*S15*VLOOKUP(Q15,'TABELA DE PESOS'!$A$2:$B$9,2,FALSE()),0)) -> 0 | AL15: =IF(A15="","",IFERROR(ROUNDUP(Y15/U15,0),0)) | AM15: =IF(A15="","",MAX(E15,F15)) | AN15: =IF(A15="",0,IFERROR(AL15*AM15*VLOOKUP(T15,'TABELA DE PESOS'!$A$2:$B$9,2,FALSE()),0)) -> 0 | AO15: =IF(A15="",0,AC15+AG15+AI15+AK15+AN15) -> 0 | AP15: =IF(A15="",0,IF(B15="Aligeirada",E15*F15*G15/100*0.65,E15*F15*G15/100)) -> 0 | AQ15: =IF(A15="",0,E15*F15+Y15*G15/100) -> 0
H16: 2 | I16: =IF(A16="","",G16-H16-0.5) | T16: 6 | U16: 0.2 | Y16: =IF(A16="","",2*(E16+F16)) | Z16: =IF(A16="","",IFERROR(ROUNDUP(F16/K16,0)+1,0)) | AA16: =IF(A16="","",E16+2*10*(J16/1000)) | AB16: =IF(A16="","",IF(AA16>12,50*J16/1000,0)) | AC16: =IF(A16="",0,IFERROR(Z16*(AA16+AB16)*VLOOKUP(J16,'TABELA DE PESOS'!$A$2:$B$9,2,FALSE()),0)) -> 0 | AD16: =IF(A16="","",IFERROR(ROUNDUP(E16/M16,0)+1,0)) | AE16: =IF(A16="","",F16+2*10*(L16/1000)) | AF16: =IF(A16="","",IF(AE16>12,50*L16/1000,0)) | AG16: =IF(A16="",0,IFERROR(AD16*(AE16+AF16)*VLOOKUP(L16,'TABELA DE PESOS'!$A$2:$B$9,2,FALSE()),0)) -> 0 | AH16: =IF(A16="","",IFERROR(2*(ROUNDUP(F16/O16,0)+1),0)) | AI16: =IF(A16="",0,IFERROR(AH16*P16*VLOOKUP(N16,'TABELA DE PESOS'!$A$2:$B$9,2,FALSE()),0)) -> 0 | AJ16: =IF(A16="","",IFERROR(2*(ROUNDUP(E16/R16,0)+1),0)) | AK16: =IF(A16="",0,IFERROR(AJ16*S16*VLOOKUP(Q16,'TABELA DE PESOS'!$A$2:$B$9,2,FALSE()),0)) -> 0 | AL16: =IF(A16="","",IFERROR(ROUNDUP(Y16/U16,0),0)) | AM16: =IF(A16="","",MAX(E16,F16)) | AN16: =IF(A16="",0,IFERROR(AL16*AM16*VLOOKUP(T16,'TABELA DE PESOS'!$A$2:$B$9,2,FALSE()),0)) -> 0 | AO16: =IF(A16="",0,AC16+AG16+AI16+AK16+AN16) -> 0 | AP16: =IF(A16="",0,IF(B16="Aligeirada",E16*F16*G16/100*0.65,E16*F16*G16/100)) -> 0 | AQ16: =IF(A16="",0,E16*F16+Y16*G16/100) -> 0
H17: 2 | I17: =IF(A17="","",G17-H17-0.5) | T17: 6 | U17: 0.2 | Y17: =IF(A17="","",2*(E17+F17)) | Z17: =IF(A17="","",IFERROR(ROUNDUP(F17/K17,0)+1,0)) | AA17: =IF(A17="","",E17+2*10*(J17/1000)) | AB17: =IF(A17="","",IF(AA17>12,50*J17/1000,0)) | AC17: =IF(A17="",0,IFERROR(Z17*(AA17+AB17)*VLOOKUP(J17,'TABELA DE PESOS'!$A$2:$B$9,2,FALSE()),0)) -> 0 | AD17: =IF(A17="","",IFERROR(ROUNDUP(E17/M17,0)+1,0)) | AE17: =IF(A17="","",F17+2*10*(L17/1000)) | AF17: =IF(A17="","",IF(AE17>12,50*L17/1000,0)) | AG17: =IF(A17="",0,IFERROR(AD17*(AE17+AF17)*VLOOKUP(L17,'TABELA DE PESOS'!$A$2:$B$9,2,FALSE()),0)) -> 0 | AH17: =IF(A17="","",IFERROR(2*(ROUNDUP(F17/O17,0)+1),0)) | AI17: =IF(A17="",0,IFERROR(AH17*P17*VLOOKUP(N17,'TABELA DE PESOS'!$A$2:$B$9,2,FALSE()),0)) -> 0 | AJ17: =IF(A17="","",IFERROR(2*(ROUNDUP(E17/R17,0)+1),0)) | AK17: =IF(A17="",0,IFERROR(AJ17*S17*VLOOKUP(Q17,'TABELA DE PESOS'!$A$2:$B$9,2,FALSE()),0)) -> 0 | AL17: =IF(A17="","",IFERROR(ROUNDUP(Y17/U17,0),0)) | AM17: =IF(A17="","",MAX(E17,F17)) | AN17: =IF(A17="",0,IFERROR(AL17*AM17*VLOOKUP(T17,'TABELA DE PESOS'!$A$2:$B$9,2,FALSE()),0)) -> 0 | AO17: =IF(A17="",0,AC17+AG17+AI17+AK17+AN17) -> 0 | AP17: =IF(A17="",0,IF(B17="Aligeirada",E17*F17*G17/100*0.65,E17*F17*G17/100)) -> 0 | AQ17: =IF(A17="",0,E17*F17+Y17*G17/100) -> 0
H18: 2 | I18: =IF(A18="","",G18-H18-0.5) | T18: 6 | U18: 0.2 | Y18: =IF(A18="","",2*(E18+F18)) | Z18: =IF(A18="","",IFERROR(ROUNDUP(F18/K18,0)+1,0)) | AA18: =IF(A18="","",E18+2*10*(J18/1000)) | AB18: =IF(A18="","",IF(AA18>12,50*J18/1000,0)) | AC18: =IF(A18="",0,IFERROR(Z18*(AA18+AB18)*VLOOKUP(J18,'TABELA DE PESOS'!$A$2:$B$9,2,FALSE()),0)) -> 0 | AD18: =IF(A18="","",IFERROR(ROUNDUP(E18/M18,0)+1,0)) | AE18: =IF(A18="","",F18+2*10*(L18/1000)) | AF18: =IF(A18="","",IF(AE18>12,50*L18/1000,0)) | AG18: =IF(A18="",0,IFERROR(AD18*(AE18+AF18)*VLOOKUP(L18,'TABELA DE PESOS'!$A$2:$B$9,2,FALSE()),0)) -> 0 | AH18: =IF(A18="","",IFERROR(2*(ROUNDUP(F18/O18,0)+1),0)) | AI18: =IF(A18="",0,IFERROR(AH18*P18*VLOOKUP(N18,'TABELA DE PESOS'!$A$2:$B$9,2,FALSE()),0)) -> 0 | AJ18: =IF(A18="","",IFERROR(2*(ROUNDUP(E18/R18,0)+1),0)) | AK18: =IF(A18="",0,IFERROR(AJ18*S18*VLOOKUP(Q18,'TABELA DE PESOS'!$A$2:$B$9,2,FALSE()),0)) -> 0 | AL18: =IF(A18="","",IFERROR(ROUNDUP(Y18/U18,0),0)) | AM18: =IF(A18="","",MAX(E18,F18)) | AN18: =IF(A18="",0,IFERROR(AL18*AM18*VLOOKUP(T18,'TABELA DE PESOS'!$A$2:$B$9,2,FALSE()),0)) -> 0 | AO18: =IF(A18="",0,AC18+AG18+AI18+AK18+AN18) -> 0 | AP18: =IF(A18="",0,IF(B18="Aligeirada",E18*F18*G18/100*0.65,E18*F18*G18/100)) -> 0 | AQ18: =IF(A18="",0,E18*F18+Y18*G18/100) -> 0
H19: 2 | I19: =IF(A19="","",G19-H19-0.5) | T19: 6 | U19: 0.2 | Y19: =IF(A19="","",2*(E19+F19)) | Z19: =IF(A19="","",IFERROR(ROUNDUP(F19/K19,0)+1,0)) | AA19: =IF(A19="","",E19+2*10*(J19/1000)) | AB19: =IF(A19="","",IF(AA19>12,50*J19/1000,0)) | AC19: =IF(A19="",0,IFERROR(Z19*(AA19+AB19)*VLOOKUP(J19,'TABELA DE PESOS'!$A$2:$B$9,2,FALSE()),0)) -> 0 | AD19: =IF(A19="","",IFERROR(ROUNDUP(E19/M19,0)+1,0)) | AE19: =IF(A19="","",F19+2*10*(L19/1000)) | AF19: =IF(A19="","",IF(AE19>12,50*L19/1000,0)) | AG19: =IF(A19="",0,IFERROR(AD19*(AE19+AF19)*VLOOKUP(L19,'TABELA DE PESOS'!$A$2:$B$9,2,FALSE()),0)) -> 0 | AH19: =IF(A19="","",IFERROR(2*(ROUNDUP(F19/O19,0)+1),0)) | AI19: =IF(A19="",0,IFERROR(AH19*P19*VLOOKUP(N19,'TABELA DE PESOS'!$A$2:$B$9,2,FALSE()),0)) -> 0 | AJ19: =IF(A19="","",IFERROR(2*(ROUNDUP(E19/R19,0)+1),0)) | AK19: =IF(A19="",0,IFERROR(AJ19*S19*VLOOKUP(Q19,'TABELA DE PESOS'!$A$2:$B$9,2,FALSE()),0)) -> 0 | AL19: =IF(A19="","",IFERROR(ROUNDUP(Y19/U19,0),0)) | AM19: =IF(A19="","",MAX(E19,F19)) | AN19: =IF(A19="",0,IFERROR(AL19*AM19*VLOOKUP(T19,'TABELA DE PESOS'!$A$2:$B$9,2,FALSE()),0)) -> 0 | AO19: =IF(A19="",0,AC19+AG19+AI19+AK19+AN19) -> 0 | AP19: =IF(A19="",0,IF(B19="Aligeirada",E19*F19*G19/100*0.65,E19*F19*G19/100)) -> 0 | AQ19: =IF(A19="",0,E19*F19+Y19*G19/100) -> 0
H20: 2 | I20: =IF(A20="","",G20-H20-0.5) | T20: 6 | U20: 0.2 | Y20: =IF(A20="","",2*(E20+F20)) | Z20: =IF(A20="","",IFERROR(ROUNDUP(F20/K20,0)+1,0)) | AA20: =IF(A20="","",E20+2*10*(J20/1000)) | AB20: =IF(A20="","",IF(AA20>12,50*J20/1000,0)) | AC20: =IF(A20="",0,IFERROR(Z20*(AA20+AB20)*VLOOKUP(J20,'TABELA DE PESOS'!$A$2:$B$9,2,FALSE()),0)) -> 0 | AD20: =IF(A20="","",IFERROR(ROUNDUP(E20/M20,0)+1,0)) | AE20: =IF(A20="","",F20+2*10*(L20/1000)) | AF20: =IF(A20="","",IF(AE20>12,50*L20/1000,0)) | AG20: =IF(A20="",0,IFERROR(AD20*(AE20+AF20)*VLOOKUP(L20,'TABELA DE PESOS'!$A$2:$B$9,2,FALSE()),0)) -> 0 | AH20: =IF(A20="","",IFERROR(2*(ROUNDUP(F20/O20,0)+1),0)) | AI20: =IF(A20="",0,IFERROR(AH20*P20*VLOOKUP(N20,'TABELA DE PESOS'!$A$2:$B$9,2,FALSE()),0)) -> 0 | AJ20: =IF(A20="","",IFERROR(2*(ROUNDUP(E20/R20,0)+1),0)) | AK20: =IF(A20="",0,IFERROR(AJ20*S20*VLOOKUP(Q20,'TABELA DE PESOS'!$A$2:$B$9,2,FALSE()),0)) -> 0 | AL20: =IF(A20="","",IFERROR(ROUNDUP(Y20/U20,0),0)) | AM20: =IF(A20="","",MAX(E20,F20)) | AN20: =IF(A20="",0,IFERROR(AL20*AM20*VLOOKUP(T20,'TABELA DE PESOS'!$A$2:$B$9,2,FALSE()),0)) -> 0 | AO20: =IF(A20="",0,AC20+AG20+AI20+AK20+AN20) -> 0 | AP20: =IF(A20="",0,IF(B20="Aligeirada",E20*F20*G20/100*0.65,E20*F20*G20/100)) -> 0 | AQ20: =IF(A20="",0,E20*F20+Y20*G20/100) -> 0
... H25: 2 | I25: =IF(A25="","",G25-H25-0.5) | T25: 6 | U25: 0.2 | Y25: =IF(A25="","",2*(E25+F25)) | Z25: =IF(A25="","",IFERROR(ROUNDUP(F25/K25,0)+1,0)) | AA25: =IF(A25="","",E25+2*10*(J25/1000)) | AB25: =IF(A25="","",IF(AA25>12,50*J25/1000,0)) | AC25: =IF(A25="",0,IFERROR(Z25*(AA25+AB25)*VLOOKUP(J25,'TABELA DE PESOS'!$A$2:$B$9,2,FALSE()),0)) -> 0 | AD25: =IF(A25="","",IFERROR(ROUNDUP(E25/M25,0)+1,0)) | AE25: =IF(A25="","",F25+2*10*(L25/1000)) | AF25: =IF(A25="","",IF(AE25>12,50*L25/1000,0)) | AG25: =IF(A25="",0,IFERROR(AD25*(AE25+AF25)*VLOOKUP(L25,'TABELA DE PESOS'!$A$2:$B$9,2,FALSE()),0)) -> 0 | AH25: =IF(A25="","",IFERROR(2*(ROUNDUP(F25/O25,0)+1),0)) | AI25: =IF(A25="",0,IFERROR(AH25*P25*VLOOKUP(N25,'TABELA DE PESOS'!$A$2:$B$9,2,FALSE()),0)) -> 0 | AJ25: =IF(A25="","",IFERROR(2*(ROUNDUP(E25/R25,0)+1),0)) | AK25: =IF(A25="",0,IFERROR(AJ25*S25*VLOOKUP(Q25,'TABELA DE PESOS'!$A$2:$B$9,2,FALSE()),0)) -> 0 | AL25: =IF(A25="","",IFERROR(ROUNDUP(Y25/U25,0),0)) | AM25: =IF(A25="","",MAX(E25,F25)) | AN25: =IF(A25="",0,IFERROR(AL25*AM25*VLOOKUP(T25,'TABELA DE PESOS'!$A$2:$B$9,2,FALSE()),0)) -> 0 | AO25: =IF(A25="",0,AC25+AG25+AI25+AK25+AN25) -> 0 | AP25: =IF(A25="",0,IF(B25="Aligeirada",E25*F25*G25/100*0.65,E25*F25*G25/100)) -> 0 | AQ25: =IF(A25="",0,E25*F25+Y25*G25/100) -> 0
A26: TOTAL GERAL | AO26: =SUM(AO6:AO25) -> 851.4081 | AP26: =SUM(AP6:AP25) -> 8.58 | AQ26: =SUM(AQ6:AQ25) -> 72.9

Sheet TABELA DE PESOS
A1: PESO POR METRO LINEAR — AÇO CA-50/CA-60
A2: Diâmetro (mm) | B2: Peso (kg/m)
A3: 6 | B3: 0.222
A4: 8 | B4: 0.395
A5: 10 | B5: 0.617
A6: 12 | B6: 0.888
A7: 16 | B7: 1.578
A8: 20 | B8: 2.466
A9: 25 | B9: 3.853
A10: 32 | B10: 6.313

Sheet RESUMO GERAL
A1: RESUMO GERAL — LEVANTAMENTO DE MATERIAIS
A3: SEÇÃO 1 — RESUMO POR ELEMENTO
A4: Elemento | B4: Qtd | C4: Ferro Total (kg) | D4: Betão Total (m³) | E4: Cofragem Total (m²) | F4: Observações
A5: Pilares | B5: =COUNTA(PILARES!A6:A25) -> 19 | C5: =PILARES!AP26 -> 824.21936 | D5: =PILARES!AQ26 -> 3.7700953 | E5: =PILARES!AR26 -> 40.591938
A6: Sapatas | B6: =COUNTA(SAPATAS!A5:A11) -> 7 | C6: =SAPATAS!Z13 -> 985.77068 | D6: =SAPATAS!AA13 -> 38.34 | E6: =SAPATAS!AC13 -> 78.248
A7: Muros | B7: =COUNTA(MUROS!A6:A11)+COUNTA(MUROS!A16:A17) -> 8 | C7: =MUROS!B20 -> 5021.7177 | D7: =MUROS!F20 -> 71.0793 | E7: =MUROS!G20 -> 449.181
A8: Vigas | B8: =COUNTA(VIGAS!A6:A25) -> 2 | C8: =VIGAS!Z26 -> 191.5755 | D8: =VIGAS!AA26 -> 1.7 | E8: =VIGAS!AB26 -> 17.6
A9: Lajes | B9: =COUNTA(LAJES!A6:A25) -> 3 | C9: =LAJES!AO26 -> 851.4081 | D9: =LAJES!AP26 -> 8.58 | E9: =LAJES!AQ26 -> 72.9
A10: TOTAL GERAL | B10: =SUM(B5:B9) -> 39 | C10: =SUM(C5:C9) -> 7874.6914 | D10: =SUM(D5:D9) -> 123.4694 | E10: =SUM(E5:E9) -> 658.52094
A12: SEÇÃO 2 — RESUMO DE FERRO POR BITOLA
A13: Bitola (mm) | B13: Peso Total (kg) | C13: % do Total | D13: Comp. Estimado (m) | E13: Peso/m (kg/m)
A14: 6 | B14: =SUMPRODUCT(--(PILARES!$K$6:$K$25=6),PILARES!$AB$6:$AB$25)+SUMPRODUCT(--(PILARES!$M$6:$M$25=6),PILARES!$AD$6:$AD$25)+SUMPRODUCT(--(PILARES!$O$6:$O$25=6),PILARES!$AF$6:$AF$25)+SUMPRODUCT(--(PILARES!$Q$6:$Q$25=6),PILARES!$AI$6:$AI$25)+SUMPRODUCT(--(PILARES!$T$6:$T$25=6),PILARES!$AL$6:$AL$25)+SUMPRODUCT(--(PILARES!$W$6:$W$25=6),PILARES!$AO$6:$AO$25)+SUMPRODUCT(--(SAPATAS!$F$5:$F$11=6),SAPATAS!$Q$5:$Q$11)+SUMPRODUCT(--(SAPATAS!$H$5:$H$11=6),SAPATAS!$W$5:$W$11)+SUMPRODUCT(--(SAPATAS!$J$5:$J$11=6),SAPATAS!$Y$5:$Y$11)+SUMPRODUCT(--(MUROS!$H$6:$H$11=6),MUROS!$R$6:$R$11)+SUMPRODUCT(--(MUROS!$J$6:$J$11=6),MUROS!$S$6:$S$11)+SUMPRODUCT(--(MUROS!$L$6:$L$11=6),MUROS!$T$6:$T$11)+SUMPRODUCT(--(MUROS!$N$6:$N$11=6),MUROS!$U$6:$U$11)+SUMPRODUCT(--(MUROS!$P$6:$P$11=6),MUROS!$V$6:$V$11)+SUMPRODUCT(--(MUROS!$G$16:$G$17=6),MUROS!$N$16:$N$17)+SUMPRODUCT(--(MUROS!$I$16:$I$17=6),MUROS!$O$16:$O$17)+SUMPRODUCT(--(MUROS!$K$16:$K$17=6),MUROS!$P$16:$P$17)+SUMPRODUCT(--(VIGAS!$I$6:$I$25=6),VIGAS!$R$6:$R$25)+SUMPRODUCT(--(VIGAS!$K$6:$K$25=6),VIGAS!$T$6:$T$25)+SUMPRODUCT(--(VIGAS!$M$6:$M$25=6),VIGAS!$U$6:$U$25)+SUMPRODUCT(--(VIGAS!$O$6:$O$25=6),VIGAS!$X$6:$X$25)+SUMPRODUCT(--(LAJES!$J$6:$J$25=6),LAJES!$AC$6:$AC$25)+SUMPRODUCT(--(LAJES!$L$6:$L$25=6),LAJES!$AG$6:$AG$25)+SUMPRODUCT(--(LAJES!$N$6:$N$25=6),LAJES!$AI$6:$AI$25)+SUMPRODUCT(--(LAJES!$Q$6:$Q$25=6),LAJES!$AK$6:$AK$25)+SUMPRODUCT(--(LAJES!$T$6:$T$25=6),LAJES!$AN$6:$AN$25) -> 313.02 | C14: =IFERROR(B14/B$22,0) -> 0.039750129 | D14: =IFERROR(B14/VLOOKUP(A14,'TABELA DE PESOS'!$A$2:$B$9,2,FALSE()),0) -> 1410 | E14: =IFERROR(VLOOKUP(A14,'TABELA DE PESOS'!$A$2:$B$9,2,FALSE()),0) -> 0.222
A15: 8 | B15: =SUMPRODUCT(--(PILARES!$K$6:$K$25=8),PILARES!$AB$6:$AB$25)+SUMPRODUCT(--(PILARES!$M$6:$M$25=8),PILARES!$AD$6:$AD$25)+SUMPRODUCT(--(PILARES!$O$6:$O$25=8),PILARES!$AF$6:$AF$25)+SUMPRODUCT(--(PILARES!$Q$6:$Q$25=8),PILARES!$AI$6:$AI$25)+SUMPRODUCT(--(PILARES!$T$6:$T$25=8),PILARES!$AL$6:$AL$25)+SUMPRODUCT(--(PILARES!$W$6:$W$25=8),PILARES!$AO$6:$AO$25)+SUMPRODUCT(--(SAPATAS!$F$5:$F$11=8),SAPATAS!$Q$5:$Q$11)+SUMPRODUCT(--(SAPATAS!$H$5:$H$11=8),SAPATAS!$W$5:$W$11)+SUMPRODUCT(--(SAPATAS!$J$5:$J$11=8),SAPATAS!$Y$5:$Y$11)+SUMPRODUCT(--(MUROS!$H$6:$H$11=8),MUROS!$R$6:$R$11)+SUMPRODUCT(--(MUROS!$J$6:$J$11=8),MUROS!$S$6:$S$11)+SUMPRODUCT(--(MUROS!$L$6:$L$11=8),MUROS!$T$6:$T$11)+SUMPRODUCT(--(MUROS!$N$6:$N$11=8),MUROS!$U$6:$U$11)+SUMPRODUCT(--(MUROS!$P$6:$P$11=8),MUROS!$V$6:$V$11)+SUMPRODUCT(--(MUROS!$G$16:$G$17=8),MUROS!$N$16:$N$17)+SUMPRODUCT(--(MUROS!$I$16:$I$17=8),MUROS!$O$16:$O$17)+SUMPRODUCT(--(MUROS!$K$16:$K$17=8),MUROS!$P$16:$P$17)+SUMPRODUCT(--(VIGAS!$I$6:$I$25=8),VIGAS!$R$6:$R$25)+SUMPRODUCT(--(VIGAS!$K$6:$K$25=8),VIGAS!$T$6:$T$25)+SUMPRODUCT(--(VIGAS!$M$6:$M$25=8),VIGAS!$U$6:$U$25)+SUMPRODUCT(--(VIGAS!$O$6:$O$25=8),VIGAS!$X$6:$X$25)+SUMPRODUCT(--(LAJES!$J$6:$J$25=8),LAJES!$AC$6:$AC$25)+SUMPRODUCT(--(LAJES!$L$6:$L$25=8),LAJES!$AG$6:$AG$25)+SUMPRODUCT(--(LAJES!$N$6:$N$25=8),LAJES!$AI$6:$AI$25)+SUMPRODUCT(--(LAJES!$Q$6:$Q$25=8),LAJES!$AK$6:$AK$25)+SUMPRODUCT(--(LAJES!$T$6:$T$25=8),LAJES!$AN$6:$AN$25) -> 407.56086 | C15: =IFERROR(B15/B$22,0) -> 0.051755788 | D15: =IFERROR(B15/VLOOKUP(A15,'TABELA DE PESOS'!$A$2:$B$9,2,FALSE()),0) -> 1031.7996 | E15: =IFERROR(VLOOKUP(A15,'TABELA DE PESOS'!$A$2:$B$9,2,FALSE()),0) -> 0.395
A16: 10 | B16: =SUMPRODUCT(--(PILARES!$K$6:$K$25=10),PILARES!$AB$6:$AB$25)+SUMPRODUCT(--(PILARES!$M$6:$M$25=10),PILARES!$AD$6:$AD$25)+SUMPRODUCT(--(PILARES!$O$6:$O$25=10),PILARES!$AF$6:$AF$25)+SUMPRODUCT(--(PILARES!$Q$6:$Q$25=10),PILARES!$AI$6:$AI$25)+SUMPRODUCT(--(PILARES!$T$6:$T$25=10),PILARES!$AL$6:$AL$25)+SUMPRODUCT(--(PILARES!$W$6:$W$25=10),PILARES!$AO$6:$AO$25)+SUMPRODUCT(--(SAPATAS!$F$5:$F$11=10),SAPATAS!$Q$5:$Q$11)+SUMPRODUCT(--(SAPATAS!$H$5:$H$11=10),SAPATAS!$W$5:$W$11)+SUMPRODUCT(--(SAPATAS!$J$5:$J$11=10),SAPATAS!$Y$5:$Y$11)+SUMPRODUCT(--(MUROS!$H$6:$H$11=10),MUROS!$R$6:$R$11)+SUMPRODUCT(--(MUROS!$J$6:$J$11=10),MUROS!$S$6:$S$11)+SUMPRODUCT(--(MUROS!$L$6:$L$11=10),MUROS!$T$6:$T$11)+SUMPRODUCT(--(MUROS!$N$6:$N$11=10),MUROS!$U$6:$U$11)+SUMPRODUCT(--(MUROS!$P$6:$P$11=10),MUROS!$V$6:$V$11)+SUMPRODUCT(--(MUROS!$G$16:$G$17=10),MUROS!$N$16:$N$17)+SUMPRODUCT(--(MUROS!$I$16:$I$17=10),MUROS!$O$16:$O$17)+SUMPRODUCT(--(MUROS!$K$16:$K$17=10),MUROS!$P$16:$P$17)+SUMPRODUCT(--(VIGAS!$I$6:$I$25=10),VIGAS!$R$6:$R$25)+SUMPRODUCT(--(VIGAS!$K$6:$K$25=10),VIGAS!$T$6:$T$25)+SUMPRODUCT(--(VIGAS!$M$6:$M$25=10),VIGAS!$U$6:$U$25)+SUMPRODUCT(--(VIGAS!$O$6:$O$25=10),VIGAS!$X$6:$X$25)+SUMPRODUCT(--(LAJES!$J$6:$J$25=10),LAJES!$AC$6:$AC$25)+SUMPRODUCT(--(LAJES!$L$6:$L$25=10),LAJES!$AG$6:$AG$25)+SUMPRODUCT(--(LAJES!$N$6:$N$25=10),LAJES!$AI$6:$AI$25)+SUMPRODUCT(--(LAJES!$Q$6:$Q$25=10),LAJES!$AK$6:$AK$25)+SUMPRODUCT(--(LAJES!$T$6:$T$25=10),LAJES!$AN$6:$AN$25) -> 5217.1422 | C16: =IFERROR(B16/B$22,0) -> 0.66252021 | D16: =IFERROR(B16/VLOOKUP(A16,'TABELA DE PESOS'!$A$2:$B$9,2,FALSE()),0) -> 8455.66 | E16: =IFERROR(VLOOKUP(A16,'TABELA DE PESOS'!$A$2:$B$9,2,FALSE()),0) -> 0.617
A17: 12 | B17: =SUMPRODUCT(--(PILARES!$K$6:$K$25=12),PILARES!$AB$6:$AB$25)+SUMPRODUCT(--(PILARES!$M$6:$M$25=12),PILARES!$AD$6:$AD$25)+SUMPRODUCT(--(PILARES!$O$6:$O$25=12),PILARES!$AF$6:$AF$25)+SUMPRODUCT(--(PILARES!$Q$6:$Q$25=12),PILARES!$AI$6:$AI$25)+SUMPRODUCT(--(PILARES!$T$6:$T$25=12),PILARES!$AL$6:$AL$25)+SUMPRODUCT(--(PILARES!$W$6:$W$25=12),PILARES!$AO$6:$AO$25)+SUMPRODUCT(--(SAPATAS!$F$5:$F$11=12),SAPATAS!$Q$5:$Q$11)+SUMPRODUCT(--(SAPATAS!$H$5:$H$11=12),SAPATAS!$W$5:$W$11)+SUMPRODUCT(--(SAPATAS!$J$5:$J$11=12),SAPATAS!$Y$5:$Y$11)+SUMPRODUCT(--(MUROS!$H$6:$H$11=12),MUROS!$R$6:$R$11)+SUMPRODUCT(--(MUROS!$J$6:$J$11=12),MUROS!$S$6:$S$11)+SUMPRODUCT(--(MUROS!$L$6:$L$11=12),MUROS!$T$6:$T$11)+SUMPRODUCT(--(MUROS!$N$6:$N$11=12),MUROS!$U$6:$U$11)+SUMPRODUCT(--(MUROS!$P$6:$P$11=12),MUROS!$V$6:$V$11)+SUMPRODUCT(--(MUROS!$G$16:$G$17=12),MUROS!$N$16:$N$17)+SUMPRODUCT(--(MUROS!$I$16:$I$17=12),MUROS!$O$16:$O$17)+SUMPRODUCT(--(MUROS!$K$16:$K$17=12),MUROS!$P$16:$P$17)+SUMPRODUCT(--(VIGAS!$I$6:$I$25=12),VIGAS!$R$6:$R$25)+SUMPRODUCT(--(VIGAS!$K$6:$K$25=12),VIGAS!$T$6:$T$25)+SUMPRODUCT(--(VIGAS!$M$6:$M$25=12),VIGAS!$U$6:$U$25)+SUMPRODUCT(--(VIGAS!$O$6:$O$25=12),VIGAS!$X$6:$X$25)+SUMPRODUCT(--(LAJES!$J$6:$J$25=12),LAJES!$AC$6:$AC$25)+SUMPRODUCT(--(LAJES!$L$6:$L$25=12),LAJES!$AG$6:$AG$25)+SUMPRODUCT(--(LAJES!$N$6:$N$25=12),LAJES!$AI$6:$AI$25)+SUMPRODUCT(--(LAJES!$Q$6:$Q$25=12),LAJES!$AK$6:$AK$25)+SUMPRODUCT(--(LAJES!$T$6:$T$25=12),LAJES!$AN$6:$AN$25) -> 667.38528 | C17: =IFERROR(B17/B$22,0) -> 0.084750659 | D17: =IFERROR(B17/VLOOKUP(A17,'TABELA DE PESOS'!$A$2:$B$9,2,FALSE()),0) -> 751.56 | E17: =IFERROR(VLOOKUP(A17,'TABELA DE PESOS'!$A$2:$B$9,2,FALSE()),0) -> 0.888
A18: 16 | B18: =SUMPRODUCT(--(PILARES!$K$6:$K$25=16),PILARES!$AB$6:$AB$25)+SUMPRODUCT(--(PILARES!$M$6:$M$25=16),PILARES!$AD$6:$AD$25)+SUMPRODUCT(--(PILARES!$O$6:$O$25=16),PILARES!$AF$6:$AF$25)+SUMPRODUCT(--(PILARES!$Q$6:$Q$25=16),PILARES!$AI$6:$AI$25)+SUMPRODUCT(--(PILARES!$T$6:$T$25=16),PILARES!$AL$6:$AL$25)+SUMPRODUCT(--(PILARES!$W$6:$W$25=16),PILARES!$AO$6:$AO$25)+SUMPRODUCT(--(SAPATAS!$F$5:$F$11=16),SAPATAS!$Q$5:$Q$11)+SUMPRODUCT(--(SAPATAS!$H$5:$H$11=16),SAPATAS!$W$5:$W$11)+SUMPRODUCT(--(SAPATAS!$J$5:$J$11=16),SAPATAS!$Y$5:$Y$11)+SUMPRODUCT(--(MUROS!$H$6:$H$11=16),MUROS!$R$6:$R$11)+SUMPRODUCT(--(MUROS!$J$6:$J$11=16),MUROS!$S$6:$S$11)+SUMPRODUCT(--(MUROS!$L$6:$L$11=16),MUROS!$T$6:$T$11)+SUMPRODUCT(--(MUROS!$N$6:$N$11=16),MUROS!$U$6:$U$11)+SUMPRODUCT(--(MUROS!$P$6:$P$11=16),MUROS!$V$6:$V$11)+SUMPRODUCT(--(MUROS!$G$16:$G$17=16),MUROS!$N$16:$N$17)+SUMPRODUCT(--(MUROS!$I$16:$I$17=16),MUROS!$O$16:$O$17)+SUMPRODUCT(--(MUROS!$K$16:$K$17=16),MUROS!$P$16:$P$17)+SUMPRODUCT(--(VIGAS!$I$6:$I$25=16),VIGAS!$R$6:$R$25)+SUMPRODUCT(--(VIGAS!$K$6:$K$25=16),VIGAS!$T$6:$T$25)+SUMPRODUCT(--(VIGAS!$M$6:$M$25=16),VIGAS!$U$6:$U$25)+SUMPRODUCT(--(VIGAS!$O$6:$O$25=16),VIGAS!$X$6:$X$25)+SUMPRODUCT(--(LAJES!$J$6:$J$25=16),LAJES!$AC$6:$AC$25)+SUMPRODUCT(--(LAJES!$L$6:$L$25=16),LAJES!$AG$6:$AG$25)+SUMPRODUCT(--(LAJES!$N$6:$N$25=16),LAJES!$AI$6:$AI$25)+SUMPRODUCT(--(LAJES!$Q$6:$Q$25=16),LAJES!$AK$6:$AK$25)+SUMPRODUCT(--(LAJES!$T$6:$T$25=16),LAJES!$AN$6:$AN$25) -> 1093.412 | C18: =IFERROR(B18/B$22,0) -> 0.13885141 | D18: =IFERROR(B18/VLOOKUP(A18,'TABELA DE PESOS'!$A$2:$B$9,2,FALSE()),0) -> 692.91 | E18: =IFERROR(VLOOKUP(A18,'TABELA DE PESOS'!$A$2:$B$9,2,FALSE()),0) -> 1.578
A19: 20 | B19: =SUMPRODUCT(--(PILARES!$K$6:$K$25=20),PILARES!$AB$6:$AB$25)+SUMPRODUCT(--(PILARES!$M$6:$M$25=20),PILARES!$AD$6:$AD$25)+SUMPRODUCT(--(PILARES!$O$6:$O$25=20),PILARES!$AF$6:$AF$25)+SUMPRODUCT(--(PILARES!$Q$6:$Q$25=20),PILARES!$AI$6:$AI$25)+SUMPRODUCT(--(PILARES!$T$6:$T$25=20),PILARES!$AL$6:$AL$25)+SUMPRODUCT(--(PILARES!$W$6:$W$25=20),PILARES!$AO$6:$AO$25)+SUMPRODUCT(--(SAPATAS!$F$5:$F$11=20),SAPATAS!$Q$5:$Q$11)+SUMPRODUCT(--(SAPATAS!$H$5:$H$11=20),SAPATAS!$W$5:$W$11)+SUMPRODUCT(--(SAPATAS!$J$5:$J$11=20),SAPATAS!$Y$5:$Y$11)+SUMPRODUCT(--(MUROS!$H$6:$H$11=20),MUROS!$R$6:$R$11)+SUMPRODUCT(--(MUROS!$J$6:$J$11=20),MUROS!$S$6:$S$11)+SUMPRODUCT(--(MUROS!$L$6:$L$11=20),MUROS!$T$6:$T$11)+SUMPRODUCT(--(MUROS!$N$6:$N$11=20),MUROS!$U$6:$U$11)+SUMPRODUCT(--(MUROS!$P$6:$P$11=20),MUROS!$V$6:$V$11)+SUMPRODUCT(--(MUROS!$G$16:$G$17=20),MUROS!$N$16:$N$17)+SUMPRODUCT(--(MUROS!$I$16:$I$17=20),MUROS!$O$16:$O$17)+SUMPRODUCT(--(MUROS!$K$16:$K$17=20),MUROS!$P$16:$P$17)+SUMPRODUCT(--(VIGAS!$I$6:$I$25=20),VIGAS!$R$6:$R$25)+SUMPRODUCT(--(VIGAS!$K$6:$K$25=20),VIGAS!$T$6:$T$25)+SUMPRODUCT(--(VIGAS!$M$6:$M$25=20),VIGAS!$U$6:$U$25)+SUMPRODUCT(--(VIGAS!$O$6:$O$25=20),VIGAS!$X$6:$X$25)+SUMPRODUCT(--(LAJES!$J$6:$J$25=20),LAJES!$AC$6:$AC$25)+SUMPRODUCT(--(LAJES!$L$6:$L$25=20),LAJES!$AG$6:$AG$25)+SUMPRODUCT(--(LAJES!$N$6:$N$25=20),LAJES!$AI$6:$AI$25)+SUMPRODUCT(--(LAJES!$Q$6:$Q$25=20),LAJES!$AK$6:$AK$25)+SUMPRODUCT(--(LAJES!$T$6:$T$25=20),LAJES!$AN$6:$AN$25) -> 176.17104 | C19: =IFERROR(B19/B$22,0) -> 0.022371802 | D19: =IFERROR(B19/VLOOKUP(A19,'TABELA DE PESOS'!$A$2:$B$9,2,FALSE()),0) -> 71.44 | E19: =IFERROR(VLOOKUP(A19,'TABELA DE PESOS'!$A$2:$B$9,2,FALSE()),0) -> 2.466
A20: 25 | B20: =SUMPRODUCT(--(PILARES!$K$6:$K$25=25),PILARES!$AB$6:$AB$25)+SUMPRODUCT(--(PILARES!$M$6:$M$25=25),PILARES!$AD$6:$AD$25)+SUMPRODUCT(--(PILARES!$O$6:$O$25=25),PILARES!$AF$6:$AF$25)+SUMPRODUCT(--(PILARES!$Q$6:$Q$25=25),PILARES!$AI$6:$AI$25)+SUMPRODUCT(--(PILARES!$T$6:$T$25=25),PILARES!$AL$6:$AL$25)+SUMPRODUCT(--(PILARES!$W$6:$W$25=25),PILARES!$AO$6:$AO$25)+SUMPRODUCT(--(SAPATAS!$F$5:$F$11=25),SAPATAS!$Q$5:$Q$11)+SUMPRODUCT(--(SAPATAS!$H$5:$H$11=25),SAPATAS!$W$5:$W$11)+SUMPRODUCT(--(SAPATAS!$J$5:$J$11=25),SAPATAS!$Y$5:$Y$11)+SUMPRODUCT(--(MUROS!$H$6:$H$11=25),MUROS!$R$6:$R$11)+SUMPRODUCT(--(MUROS!$J$6:$J$11=25),MUROS!$S$6:$S$11)+SUMPRODUCT(--(MUROS!$L$6:$L$11=25),MUROS!$T$6:$T$11)+SUMPRODUCT(--(MUROS!$N$6:$N$11=25),MUROS!$U$6:$U$11)+SUMPRODUCT(--(MUROS!$P$6:$P$11=25),MUROS!$V$6:$V$11)+SUMPRODUCT(--(MUROS!$G$16:$G$17=25),MUROS!$N$16:$N$17)+SUMPRODUCT(--(MUROS!$I$16:$I$17=25),MUROS!$O$16:$O$17)+SUMPRODUCT(--(MUROS!$K$16:$K$17=25),MUROS!$P$16:$P$17)+SUMPRODUCT(--(VIGAS!$I$6:$I$25=25),VIGAS!$R$6:$R$25)+SUMPRODUCT(--(VIGAS!$K$6:$K$25=25),VIGAS!$T$6:$T$25)+SUMPRODUCT(--(VIGAS!$M$6:$M$25=25),VIGAS!$U$6:$U$25)+SUMPRODUCT(--(VIGAS!$O$6:$O$25=25),VIGAS!$X$6:$X$25)+SUMPRODUCT(--(LAJES!$J$6:$J$25=25),LAJES!$AC$6:$AC$25)+SUMPRODUCT(--(LAJES!$L$6:$L$25=25),LAJES!$AG$6:$AG$25)+SUMPRODUCT(--(LAJES!$N$6:$N$25=25),LAJES!$AI$6:$AI$25)+SUMPRODUCT(--(LAJES!$Q$6:$Q$25=25),LAJES!$AK$6:$AK$25)+SUMPRODUCT(--(LAJES!$T$6:$T$25=25),LAJES!$AN$6:$AN$25) -> 0 | C20: =IFERROR(B20/B$22,0) -> 0 | D20: =IFERROR(B20/VLOOKUP(A20,'TABELA DE PESOS'!$A$2:$B$9,2,FALSE()),0) -> 0 | E20: =IFERROR(VLOOKUP(A20,'TABELA DE PESOS'!$A$2:$B$9,2,FALSE()),0) -> 3.853
A21: 32 | B21: =SUMPRODUCT(--(PILARES!$K$6:$K$25=32),PILARES!$AB$6:$AB$25)+SUMPRODUCT(--(PILARES!$M$6:$M$25=32),PILARES!$AD$6:$AD$25)+SUMPRODUCT(--(PILARES!$O$6:$O$25=32),PILARES!$AF$6:$AF$25)+SUMPRODUCT(--(PILARES!$Q$6:$Q$25=32),PILARES!$AI$6:$AI$25)+SUMPRODUCT(--(PILARES!$T$6:$T$25=32),PILARES!$AL$6:$AL$25)+SUMPRODUCT(--(PILARES!$W$6:$W$25=32),PILARES!$AO$6:$AO$25)+SUMPRODUCT(--(SAPATAS!$F$5:$F$11=32),SAPATAS!$Q$5:$Q$11)+SUMPRODUCT(--(SAPATAS!$H$5:$H$11=32),SAPATAS!$W$5:$W$11)+SUMPRODUCT(--(SAPATAS!$J$5:$J$11=32),SAPATAS!$Y$5:$Y$11)+SUMPRODUCT(--(MUROS!$H$6:$H$11=32),MUROS!$R$6:$R$11)+SUMPRODUCT(--(MUROS!$J$6:$J$11=32),MUROS!$S$6:$S$11)+SUMPRODUCT(--(MUROS!$L$6:$L$11=32),MUROS!$T$6:$T$11)+SUMPRODUCT(--(MUROS!$N$6:$N$11=32),MUROS!$U$6:$U$11)+SUMPRODUCT(--(MUROS!$P$6:$P$11=32),MUROS!$V$6:$V$11)+SUMPRODUCT(--(MUROS!$G$16:$G$17=32),MUROS!$N$16:$N$17)+SUMPRODUCT(--(MUROS!$I$16:$I$17=32),MUROS!$O$16:$O$17)+SUMPRODUCT(--(MUROS!$K$16:$K$17=32),MUROS!$P$16:$P$17)+SUMPRODUCT(--(VIGAS!$I$6:$I$25=32),VIGAS!$R$6:$R$25)+SUMPRODUCT(--(VIGAS!$K$6:$K$25=32),VIGAS!$T$6:$T$25)+SUMPRODUCT(--(VIGAS!$M$6:$M$25=32),VIGAS!$U$6:$U$25)+SUMPRODUCT(--(VIGAS!$O$6:$O$25=32),VIGAS!$X$6:$X$25)+SUMPRODUCT(--(LAJES!$J$6:$J$25=32),LAJES!$AC$6:$AC$25)+SUMPRODUCT(--(LAJES!$L$6:$L$25=32),LAJES!$AG$6:$AG$25)+SUMPRODUCT(--(LAJES!$N$6:$N$25=32),LAJES!$AI$6:$AI$25)+SUMPRODUCT(--(LAJES!$Q$6:$Q$25=32),LAJES!$AK$6:$AK$25)+SUMPRODUCT(--(LAJES!$T$6:$T$25=32),LAJES!$AN$6:$AN$25) -> 0 | C21: =IFERROR(B21/B$22,0) -> 0 | D21: =IFERROR(B21/VLOOKUP(A21,'TABELA DE PESOS'!$A$2:$B$9,2,FALSE()),0) -> 0 | E21: =IFERROR(VLOOKUP(A21,'TABELA DE PESOS'!$A$2:$B$9,2,FALSE()),0) -> 0
A22: TOTAL | B22: =SUM(B14:B21) -> 7874.6914 | C22: =IFERROR(B22/B22,0) -> 1 | D22: =SUM(D14:D21) -> 12413.37

Sheet NOTAS DO PROJETO
A1: NOTAS TÉCNICAS DO PROJETO — DESENHO 05
A2: FERCA, L-337/21, Desenho 05, revisão –, abril 2025
A3: Tema | B3: Valor / Nota | C3: Observação | D3: Fonte
A4: Materiais gerais | B4: Varões A500 NR SD (LNEC E460). Betão C30/37, XC1(P), Cl0.20, D22, S3. | C4: Fundações: C30/37, XC2(P), Cl0.40, D22, S3. Aplicar especificação ao elemento. | D4: Desenho 05, Materiais
A5: Recobrimento | B5: 3 cm geral. 5 cm faces em contacto com solo. | C5: Troço Fundações–Piso 0 não está necessariamente enterrado. Confirmar faces expostas ao solo. | D5: Desenho 05, Recobrimentos
A6: Espaçamento cintas | B6: a = 0,20 m no mapa. Zonas a/2 indicadas nos pormenores junto a nós (0,60 m). | C6: Contagem final exige distinguir zonas densificadas. Não usar H/0,20 como contagem total. | D6: Desenho 05, Pormenores de pilares
A7: Emendas / continuidade | B7: Detalhe de continuidade: 50Ø. Último troço: dobra de 0,30 m. | C7: Registar emenda por troço após atribuir nó/extremidade. Não somar 50Ø a todas as barras. | D7: Desenho 05, Pormenores de pilares
A8: Dobragens das cintas | B8: Diâmetro interior de dobragem: 5Ø. Caudas cotadas em função de Ø. | C8: Faltam dimensões desenvolvidas das cintas interiores. Não medir pela escala gráfica do PDF. | D8: Desenho 05, Fecho das cintas
A9: Trechos identificados | B9: P1:3; P2:2; P3:1; P4:2; P5:1; P6:2; P7:3; P8:2; P9/P10/P11:1. Total=19. | C9: Uma linha por intervalo entre níveis. 19 registos ≠ 19 pilares distintos. | D9: Desenho 05, Quadro de pilares
A10: P8 confirmado | B10: Secção 30×60 cm, 6Ø16+10Ø12. P8-Piso1: H=3,90 m. Betão ≈0,702 m³, cofragem ≈7,02 m² (4 faces). | C10: Aço aguarda cortes e contagens finais por zonas. | D10: Utilizador + Desenho 05
A11: P7 — pilar circular | B11: Representado por cinta circular no mapa. Ø30 cm. | C11: Mapa não identifica espiral contínua. Confirmar com engenheiro responsável. | D11: Desenho 05
A12: P9 / P10 / P11 | B12: Cintas fechadas sobrepostas. Seções: P9=130×20, P10=20×100, P11=20×80. | C12: Confirmar decomposição e cortes no mapa de dobragem. Grampos não confirmados. | D12: Desenho 05
A13: Dados em falta para fechar | B13: Cotas de pisos (cortes); alturas dos 18 trechos; mapa de corte e dobragem. | C13: Sapatas, Muros e Vigas não identificados neste mapa. Não são levantamento confirmado. | D13: Pendências do levantamento

Sheet AUTO_GERAL_MEDICAO
A1: AUTO DE MEDIÇÃO MENSAL — EMPREITEIRO GERAL / ESTRUTURA — 707_VILA_MODERNA
A2: OBRA: | B2: 707_Vila_Moderna | D2: SUBEMPREITEIRO: | E2: Empreiteiro Geral / Estrutura | H2: AUTO N.º: | I2: 01
A3: DONO DE OBRA: | B3: NORASIL S.A. | D3: ESPECIALIDADE: | E3: Estruturas de Betão Armado (Geral) | H3: DATA: | I3: 30/09/2026
A5: Artº | B5: Designação de Trabalhos | C5: Un. | D5: Quant. Contrato | E5: Qtd. Anterior | F5: Qtd. no Mês | G5: Qtd. Acumulada | H5: % Execução | I5: Saldo a Executar | J5: P.U. (€) | K5: Valor no Mês (€)
A6: =MAPA_OBRA_707!A2 -> 4.1 | B6: =MAPA_OBRA_707!B2 -> Betão de Limpeza / Cleaning concrete | C6: =MAPA_OBRA_707!C2 -> 0
A7: =MAPA_OBRA_707!A3 -> 4.1.1 | B7: =MAPA_OBRA_707!B3 -> Fornecimento e aplicação de betão de limpeza do tipo C16/20 X0 numa espessura de 0,10 m. | C7: =MAPA_OBRA_707!C3 -> m3 | D7: =MAPA_OBRA_707!D3 -> 172.56 | E7: 0 | F7: 0 | G7: =E7+F7 -> 0 | H7: =IF(D7>0, G7/D7, 0) -> 0 | I7: =D7-G7 -> 172.56 | J7: 0 | K7: =F7*J7 -> 0
A8: =MAPA_OBRA_707!A4 -> 4.2 | B8: =MAPA_OBRA_707!B4 -> Fundações / Foundations | C8: =MAPA_OBRA_707!C4 -> 0
A9: =MAPA_OBRA_707!A5 -> 4.2.1 | B9: =MAPA_OBRA_707!B5 -> Fornecimento e colocação de betão armado C30/37 XC2 0,40 Dmáx 22 S3 , em sapatas de muros e paredes, incluindo o fornecimento, aplicação e desmontagem de cofragem e o fornecimento, moldagem e aplicação de aço A500NR. Todos os trabalhos deverão ser executados de acordo com as peças desenhadas: | C9: =MAPA_OBRA_707!C5 -> 0
A10: =MAPA_OBRA_707!A6 -> 4.2.1.1 | B10: =MAPA_OBRA_707!B6 -> Sapatas Isoladas / Isolated Foundations (90 kg/m3) | C10: =MAPA_OBRA_707!C6 -> 0
A11: =MAPA_OBRA_707!A7 -> 0 | B11: =MAPA_OBRA_707!B7 -> Betão - Aplicação e Vibração | C11: =MAPA_OBRA_707!C7 -> m3 | D11: =MAPA_OBRA_707!D7 -> 163.87 | E11: 0 | F11: 0 | G11: =E11+F11 -> 0 | H11: =IF(D11>0, G11/D11, 0) -> 0 | I11: =D11-G11 -> 163.87 | J11: 0 | K11: =F11*J11 -> 0
A12: =MAPA_OBRA_707!A8 -> 0 | B12: =MAPA_OBRA_707!B8 -> Cofragem - Fornecimento e aplicação | C12: =MAPA_OBRA_707!C8 -> m2 | D12: =MAPA_OBRA_707!D8 -> 409.68 | E12: 0 | F12: 0 | G12: =E12+F12 -> 0 | H12: =IF(D12>0, G12/D12, 0) -> 0 | I12: =D12-G12 -> 409.68 | J12: 0 | K12: =F12*J12 -> 0
A13: =MAPA_OBRA_707!A9 -> 0 | B13: =MAPA_OBRA_707!B9 -> Aço - Moldagem, Corte e Aplicação | C13: =MAPA_OBRA_707!C9 -> kg | D13: =MAPA_OBRA_707!D9 -> 16960.55 | E13: 0 | F13: 0 | G13: =E13+F13 -> 0 | H13: =IF(D13>0, G13/D13, 0) -> 0 | I13: =D13-G13 -> 16960.55 | J13: 0 | K13: =F13*J13 -> 0
A14: =MAPA_OBRA_707!A10 -> 4.2.1.2 | B14: =MAPA_OBRA_707!B10 -> Sapatas Contínuas / Continuous Foundations (110 kg/m3) | C14: =MAPA_OBRA_707!C10 -> 0
A15: =MAPA_OBRA_707!A11 -> 0 | B15: =MAPA_OBRA_707!B11 -> Betão - Aplicação e Vibração | C15: =MAPA_OBRA_707!C11 -> m3 | D15: =MAPA_OBRA_707!D11 -> 155.53 | E15: 0 | F15: 0 | G15: =E15+F15 -> 0 | H15: =IF(D15>0, G15/D15, 0) -> 0 | I15: =D15-G15 -> 155.53 | J15: 0 | K15: =F15*J15 -> 0
A16: =MAPA_OBRA_707!A12 -> 0 | B16: =MAPA_OBRA_707!B12 -> Cofragem - Fornecimento e aplicação | C16: =MAPA_OBRA_707!C12 -> m2 | D16: =MAPA_OBRA_707!D12 -> 388.83 | E16: 0 | F16: 0 | G16: =E16+F16 -> 0 | H16: =IF(D16>0, G16/D16, 0) -> 0 | I16: =D16-G16 -> 388.83 | J16: 0 | K16: =F16*J16 -> 0
A17: =MAPA_OBRA_707!A13 -> 0 | B17: =MAPA_OBRA_707!B13 -> Aço - Moldagem, Corte e Aplicação | C17: =MAPA_OBRA_707!C13 -> kg | D17: =MAPA_OBRA_707!D13 -> 19674.67 | E17: 0 | F17: 0 | G17: =E17+F17 -> 0 | H17: =IF(D17>0, G17/D17, 0) -> 0 | I17: =D17-G17 -> 19674.67 | J17: 0 | K17: =F17*J17 -> 0
A18: =MAPA_OBRA_707!A14 -> 4.2.1.3 | B18: =MAPA_OBRA_707!B14 -> Vigas de Fundação / Beams of Foundations (115 kg/m3) | C18: =MAPA_OBRA_707!C14 -> 0
A19: =MAPA_OBRA_707!A15 -> 0 | B19: =MAPA_OBRA_707!B15 -> Betão - Aplicação e Vibração | C19: =MAPA_OBRA_707!C15 -> m3 | D19: =MAPA_OBRA_707!D15 -> 61.44 | E19: 0 | F19: 0 | G19: =E19+F19 -> 0 | H19: =IF(D19>0, G19/D19, 0) -> 0 | I19: =D19-G19 -> 61.44 | J19: 0 | K19: =F19*J19 -> 0
A20: =MAPA_OBRA_707!A16 -> 0 | B20: =MAPA_OBRA_707!B16 -> Cofragem - Fornecimento e aplicação | C20: =MAPA_OBRA_707!C16 -> m2 | D20: =MAPA_OBRA_707!D16 -> 688.74 | E20: 0 | F20: 0 | G20: =E20+F20 -> 0 | H20: =IF(D20>0, G20/D20, 0) -> 0 | I20: =D20-G20 -> 688.74 | J20: 0 | K20: =F20*J20 -> 0
A21: =MAPA_OBRA_707!A17 -> 0 | B21: =MAPA_OBRA_707!B17 -> Aço - Moldagem, Corte e Aplicação | C21: =MAPA_OBRA_707!C17 -> kg | D21: =MAPA_OBRA_707!D17 -> 8125.44 | E21: 0 | F21: 0 | G21: =E21+F21 -> 0 | H21: =IF(D21>0, G21/D21, 0) -> 0 | I21: =D21-G21 -> 8125.44 | J21: 0 | K21: =F21*J21 -> 0
A22: =MAPA_OBRA_707!A18 -> 4.3 | B22: =MAPA_OBRA_707!B18 -> Superestrutura / Superstructure | C22: =MAPA_OBRA_707!C18 -> 0
A23: =MAPA_OBRA_707!A19 -> 4.3.1 | B23: =MAPA_OBRA_707!B19 -> Fornecimento e colocação de betão armado C30/37 XC1 Cl 0,20 Dmáx 20 S3 , em Muros, pilares, paredes, vigas e lajes, incluindo o fornecimento, aplicação e desmontagem de cofragem e o fornecimento, moldagem e aplicação de aço A500NR com a referida taxa de armaduras. Todos os trabalhos deverão ser executados de acordo com as peças desenhadas: | C23: =MAPA_OBRA_707!C19 -> 0
A24: =MAPA_OBRA_707!A20 -> 4.3.1.1 | B24: =MAPA_OBRA_707!B20 -> Muros Enterrados / Buried Walls (115 kg/m3) | C24: =MAPA_OBRA_707!C20 -> 0
A25: =MAPA_OBRA_707!A21 -> 0 | B25: =MAPA_OBRA_707!B21 -> Betão - Aplicação e Vibração | C25: =MAPA_OBRA_707!C21 -> m3 | D25: =MAPA_OBRA_707!D21 -> 357.21 | E25: 0 | F25: 0 | G25: =E25+F25 -> 0 | H25: =IF(D25>0, G25/D25, 0) -> 0 | I25: =D25-G25 -> 357.21 | J25: 0 | K25: =F25*J25 -> 0
A26: =MAPA_OBRA_707!A22 -> 0 | B26: =MAPA_OBRA_707!B22 -> Cofragem - Fornecimento e aplicação | C26: =MAPA_OBRA_707!C22 -> m2 | D26: =MAPA_OBRA_707!D22 -> 3597.09 | E26: 0 | F26: 0 | G26: =E26+F26 -> 0 | H26: =IF(D26>0, G26/D26, 0) -> 0 | I26: =D26-G26 -> 3597.09 | J26: 0 | K26: =F26*J26 -> 0
A27: =MAPA_OBRA_707!A23 -> 0 | B27: =MAPA_OBRA_707!B23 -> Aço - Moldagem, Corte e Aplicação | C27: =MAPA_OBRA_707!C23 -> kg | D27: =MAPA_OBRA_707!D23 -> 53583.49 | E27: 0 | F27: 0 | G27: =E27+F27 -> 0 | H27: =IF(D27>0, G27/D27, 0) -> 0 | I27: =D27-G27 -> 53583.49 | J27: 0 | K27: =F27*J27 -> 0
A28: =MAPA_OBRA_707!A24 -> 4.3.1.2 | B28: =MAPA_OBRA_707!B24 -> Pilares / Columns (290 kg/m3) | C28: =MAPA_OBRA_707!C24 -> 0
A29: =MAPA_OBRA_707!A25 -> 0 | B29: =MAPA_OBRA_707!B25 -> Betão - Aplicação e Vibração | C29: =MAPA_OBRA_707!C25 -> m3 | D29: =MAPA_OBRA_707!D25 -> 175.75 | E29: 0 | F29: 0 | G29: =E29+F29 -> 0 | H29: =IF(D29>0, G29/D29, 0) -> 0 | I29: =D29-G29 -> 175.75 | J29: 0 | K29: =F29*J29 -> 0
A30: =MAPA_OBRA_707!A26 -> 0 | B30: =MAPA_OBRA_707!B26 -> Cofragem - Fornecimento e aplicação | C30: =MAPA_OBRA_707!C26 -> m2 | D30: =MAPA_OBRA_707!D26 -> 1933.25 | E30: 0 | F30: 0 | G30: =E30+F30 -> 0 | H30: =IF(D30>0, G30/D30, 0) -> 0 | I30: =D30-G30 -> 1933.25 | J30: 0 | K30: =F30*J30 -> 0
A31: =MAPA_OBRA_707!A27 -> 0 | B31: =MAPA_OBRA_707!B27 -> Aço - Moldagem, Corte e Aplicação | C31: =MAPA_OBRA_707!C27 -> kg | D31: =MAPA_OBRA_707!D27 -> 58612.63 | E31: 0 | F31: 0 | G31: =E31+F31 -> 0 | H31: =IF(D31>0, G31/D31, 0) -> 0 | I31: =D31-G31 -> 58612.63 | J31: 0 | K31: =F31*J31 -> 0
A32: =MAPA_OBRA_707!A28 -> 4.3.1.3 | B32: =MAPA_OBRA_707!B28 -> Paredes / Walls (200 kg/m3) | C32: =MAPA_OBRA_707!C28 -> 0
A33: =MAPA_OBRA_707!A29 -> 0 | B33: =MAPA_OBRA_707!B29 -> Betão - Aplicação e Vibração | C33: =MAPA_OBRA_707!C29 -> m3 | D33: =MAPA_OBRA_707!D29 -> 55.41 | E33: 0 | F33: 0 | G33: =E33+F33 -> 0 | H33: =IF(D33>0, G33/D33, 0) -> 0 | I33: =D33-G33 -> 55.41 | J33: 0 | K33: =F33*J33 -> 0
A34: =MAPA_OBRA_707!A30 -> 0 | B34: =MAPA_OBRA_707!B30 -> Cofragem - Fornecimento e aplicação | C34: =MAPA_OBRA_707!C30 -> m2 | D34: =MAPA_OBRA_707!D30 -> 554.1 | E34: 0 | F34: 0 | G34: =E34+F34 -> 0 | H34: =IF(D34>0, G34/D34, 0) -> 0 | I34: =D34-G34 -> 554.1 | J34: 0 | K34: =F34*J34 -> 0
A35: =MAPA_OBRA_707!A31 -> 0 | B35: =MAPA_OBRA_707!B31 -> Aço - Moldagem, Corte e Aplicação | C35: =MAPA_OBRA_707!C31 -> kg | D35: =MAPA_OBRA_707!D31 -> 12744.3 | E35: 0 | F35: 0 | G35: =E35+F35 -> 0 | H35: =IF(D35>0, G35/D35, 0) -> 0 | I35: =D35-G35 -> 12744.3 | J35: 0 | K35: =F35*J35 -> 0
A36: =MAPA_OBRA_707!A32 -> 4.3.1.3 A | B36: =MAPA_OBRA_707!B32 -> Núcleos do Elevador / Elevator Shaft (200 kg/m3) | C36: =MAPA_OBRA_707!C32 -> 0
A37: =MAPA_OBRA_707!A33 -> 0 | B37: =MAPA_OBRA_707!B33 -> Betão - Aplicação e Vibração | C37: =MAPA_OBRA_707!C33 -> m3 | D37: =MAPA_OBRA_707!D33 -> 168.52 | E37: 0 | F37: 0 | G37: =E37+F37 -> 0 | H37: =IF(D37>0, G37/D37, 0) -> 0 | I37: =D37-G37 -> 168.52 | J37: 0 | K37: =F37*J37 -> 0
A38: =MAPA_OBRA_707!A34 -> 0 | B38: =MAPA_OBRA_707!B34 -> Cofragem - Fornecimento e aplicação | C38: =MAPA_OBRA_707!C34 -> m2 | D38: =MAPA_OBRA_707!D34 -> 1862.19 | E38: 0 | F38: 0 | G38: =E38+F38 -> 0 | H38: =IF(D38>0, G38/D38, 0) -> 0 | I38: =D38-G38 -> 1862.19 | J38: 0 | K38: =F38*J38 -> 0
A39: =MAPA_OBRA_707!A35 -> 0 | B39: =MAPA_OBRA_707!B35 -> Aço - Moldagem, Corte e Aplicação | C39: =MAPA_OBRA_707!C35 -> kg | D39: =MAPA_OBRA_707!D35 -> 38760.52 | E39: 0 | F39: 0 | G39: =E39+F39 -> 0 | H39: =IF(D39>0, G39/D39, 0) -> 0 | I39: =D39-G39 -> 38760.52 | J39: 0 | K39: =F39*J39 -> 0
A40: =MAPA_OBRA_707!A36 -> 4.3.1.4 | B40: =MAPA_OBRA_707!B36 -> Vigas / Beams (150 kg/m3) | C40: =MAPA_OBRA_707!C36 -> 0
A41: =MAPA_OBRA_707!A37 -> 0 | B41: =MAPA_OBRA_707!B37 -> Betão - Aplicação e Vibração | C41: =MAPA_OBRA_707!C37 -> m3 | D41: =MAPA_OBRA_707!D37 -> 384.7 | E41: 0 | F41: 0 | G41: =E41+F41 -> 0 | H41: =IF(D41>0, G41/D41, 0) -> 0 | I41: =D41-G41 -> 384.7 | J41: 0 | K41: =F41*J41 -> 0
A42: =MAPA_OBRA_707!A38 -> 0 | B42: =MAPA_OBRA_707!B38 -> Cofragem - Fornecimento e aplicação | C42: =MAPA_OBRA_707!C38 -> m2 | D42: =MAPA_OBRA_707!D38 -> 3847 | E42: 0 | F42: 0 | G42: =E42+F42 -> 0 | H42: =IF(D42>0, G42/D42, 0) -> 0 | I42: =D42-G42 -> 3847 | J42: 0 | K42: =F42*J42 -> 0
A43: =MAPA_OBRA_707!A39 -> 0 | B43: =MAPA_OBRA_707!B39 -> Aço - Moldagem, Corte e Aplicação | C43: =MAPA_OBRA_707!C39 -> kg | D43: =MAPA_OBRA_707!D39 -> 66360.75 | E43: 0 | F43: 0 | G43: =E43+F43 -> 0 | H43: =IF(D43>0, G43/D43, 0) -> 0 | I43: =D43-G43 -> 66360.75 | J43: 0 | K43: =F43*J43 -> 0
A44: =MAPA_OBRA_707!A40 -> 4.3.1.5 | B44: =MAPA_OBRA_707!B40 -> Lajes Maciças / Massive Slabs (120 kg/m3) | C44: =MAPA_OBRA_707!C40 -> 0
A45: =MAPA_OBRA_707!A41 -> 0 | B45: =MAPA_OBRA_707!B41 -> Betão - Aplicação e Vibração | C45: =MAPA_OBRA_707!C41 -> m3 | D45: =MAPA_OBRA_707!D41 -> 145.35 | E45: 0 | F45: 0 | G45: =E45+F45 -> 0 | H45: =IF(D45>0, G45/D45, 0) -> 0 | I45: =D45-G45 -> 145.35 | J45: 0 | K45: =F45*J45 -> 0
A46: =MAPA_OBRA_707!A42 -> 0 | B46: =MAPA_OBRA_707!B42 -> Cofragem - Fornecimento e aplicação | C46: =MAPA_OBRA_707!C42 -> m2 | D46: =MAPA_OBRA_707!D42 -> 726.75 | E46: 0 | F46: 0 | G46: =E46+F46 -> 0 | H46: =IF(D46>0, G46/D46, 0) -> 0 | I46: =D46-G46 -> 726.75 | J46: 0 | K46: =F46*J46 -> 0
A47: =MAPA_OBRA_707!A43 -> 0 | B47: =MAPA_OBRA_707!B43 -> Aço - Moldagem, Corte e Aplicação | C47: =MAPA_OBRA_707!C43 -> kg | D47: =MAPA_OBRA_707!D43 -> 20058.3 | E47: 0 | F47: 0 | G47: =E47+F47 -> 0 | H47: =IF(D47>0, G47/D47, 0) -> 0 | I47: =D47-G47 -> 20058.3 | J47: 0 | K47: =F47*J47 -> 0
A48: =MAPA_OBRA_707!A44 -> 4.3.1.6 | B48: =MAPA_OBRA_707!B44 -> Escadas / Stairs (80 kg/m3) | C48: =MAPA_OBRA_707!C44 -> 0
A49: =MAPA_OBRA_707!A45 -> 0 | B49: =MAPA_OBRA_707!B45 -> Betão - Aplicação e Vibração | C49: =MAPA_OBRA_707!C45 -> m3 | D49: =MAPA_OBRA_707!D45 -> 60 | E49: 0 | F49: 0 | G49: =E49+F49 -> 0 | H49: =IF(D49>0, G49/D49, 0) -> 0 | I49: =D49-G49 -> 60 | J49: 0 | K49: =F49*J49 -> 0
A50: =MAPA_OBRA_707!A46 -> 0 | B50: =MAPA_OBRA_707!B46 -> Cofragem - Fornecimento e aplicação | C50: =MAPA_OBRA_707!C46 -> m2 | D50: =MAPA_OBRA_707!D46 -> 600 | E50: 0 | F50: 0 | G50: =E50+F50 -> 0 | H50: =IF(D50>0, G50/D50, 0) -> 0 | I50: =D50-G50 -> 600 | J50: 0 | K50: =F50*J50 -> 0
A51: =MAPA_OBRA_707!A47 -> 0 | B51: =MAPA_OBRA_707!B47 -> Aço - Moldagem, Corte e Aplicação | C51: =MAPA_OBRA_707!C47 -> kg | D51: =MAPA_OBRA_707!D47 -> 5520 | E51: 0 | F51: 0 | G51: =E51+F51 -> 0 | H51: =IF(D51>0, G51/D51, 0) -> 0 | I51: =D51-G51 -> 5520 | J51: 0 | K51: =F51*J51 -> 0
A52: =MAPA_OBRA_707!A48 -> 4.3.1.7 | B52: =MAPA_OBRA_707!B48 -> Fornecimento e aplicação de lajes aligeiradas fabricadas com sistema Cobiax CBX S-120 da Ferca ou similar, composto por material reciclado tipo Cobiax Slim-Line módulos de iluminação em polipropileno com altura de 0,23m, preenchido com betão classe C30/37, fôrma , reforço de haste de aço A500NR (125 kg/m3) | C52: =MAPA_OBRA_707!C48 -> 0
A53: =MAPA_OBRA_707!A49 -> 0 | B53: =MAPA_OBRA_707!B49 -> Betão - Aplicação e Vibração | C53: =MAPA_OBRA_707!C49 -> m3 | D53: =MAPA_OBRA_707!D49 -> 685.93 | E53: 0 | F53: 0 | G53: =E53+F53 -> 0 | H53: =IF(D53>0, G53/D53, 0) -> 0 | I53: =D53-G53 -> 685.93 | J53: 0 | K53: =F53*J53 -> 0
A54: =MAPA_OBRA_707!A50 -> 0 | B54: =MAPA_OBRA_707!B50 -> Cofragem - Fornecimento e aplicação | C54: =MAPA_OBRA_707!C50 -> m2 | D54: =MAPA_OBRA_707!D50 -> 5900.33 | E54: 0 | F54: 0 | G54: =E54+F54 -> 0 | H54: =IF(D54>0, G54/D54, 0) -> 0 | I54: =D54-G54 -> 5900.33 | J54: 0 | K54: =F54*J54 -> 0
A55: =MAPA_OBRA_707!A51 -> 0 | B55: =MAPA_OBRA_707!B51 -> Aço - Moldagem, Corte e Aplicação | C55: =MAPA_OBRA_707!C51 -> kg | D55: =MAPA_OBRA_707!D51 -> 162796.88 | E55: 0 | F55: 0 | G55: =E55+F55 -> 0 | H55: =IF(D55>0, G55/D55, 0) -> 0 | I55: =D55-G55 -> 162796.88 | J55: 0 | K55: =F55*J55 -> 0
A56: =MAPA_OBRA_707!A52 -> 0 | B56: =MAPA_OBRA_707!B52 -> Aplicação Moldes CBX | C56: =MAPA_OBRA_707!C52 -> m2 | D56: =MAPA_OBRA_707!D52 -> 2723.06 | E56: 0 | F56: 0 | G56: =E56+F56 -> 0 | H56: =IF(D56>0, G56/D56, 0) -> 0 | I56: =D56-G56 -> 2723.06 | J56: 0 | K56: =F56*J56 -> 0
A57: =MAPA_OBRA_707!A53 -> 4.3.2 | B57: =MAPA_OBRA_707!B53 -> Fornecimento e colocação de betão armado C30/37 XD2 Cl 0,20 Dmáx 20 S3 , em lajes e paredes da piscina, incluindo o fornecimento, aplicação e desmontagem de cofragem e o fornecimento, moldagem e aplicação de aço A500NR. Todos os trabalhos deverão ser executados de acordo com as peças desenhadas: | C57: =MAPA_OBRA_707!C53 -> 0
A58: =MAPA_OBRA_707!A54 -> 4.3.1 | B58: =MAPA_OBRA_707!B54 -> Laje de Fundo de Piscina do Piso 0 / Pool Bottom Slab of Leve 0 | C58: =MAPA_OBRA_707!C54 -> 0
A59: =MAPA_OBRA_707!A55 -> 0 | B59: =MAPA_OBRA_707!B55 -> Betão - Aplicação e Vibração | C59: =MAPA_OBRA_707!C55 -> m3 | D59: =MAPA_OBRA_707!D55 -> 187.85 | E59: 0 | F59: 0 | G59: =E59+F59 -> 0 | H59: =IF(D59>0, G59/D59, 0) -> 0 | I59: =D59-G59 -> 187.85 | J59: 0 | K59: =F59*J59 -> 0
A60: =MAPA_OBRA_707!A56 -> 0 | B60: =MAPA_OBRA_707!B56 -> Cofragem - Fornecimento e aplicação | C60: =MAPA_OBRA_707!C56 -> m2 | D60: =MAPA_OBRA_707!D56 -> 469.62 | E60: 0 | F60: 0 | G60: =E60+F60 -> 0 | H60: =IF(D60>0, G60/D60, 0) -> 0 | I60: =D60-G60 -> 469.62 | J60: 0 | K60: =F60*J60 -> 0
A61: =MAPA_OBRA_707!A57 -> 0 | B61: =MAPA_OBRA_707!B57 -> Aço - Moldagem, Corte e Aplicação | C61: =MAPA_OBRA_707!C57 -> kg | D61: =MAPA_OBRA_707!D57 -> 23762.77 | E61: 0 | F61: 0 | G61: =E61+F61 -> 0 | H61: =IF(D61>0, G61/D61, 0) -> 0 | I61: =D61-G61 -> 23762.77 | J61: 0 | K61: =F61*J61 -> 0
A62: =MAPA_OBRA_707!A58 -> 4.3.2 | B62: =MAPA_OBRA_707!B58 -> Parede de Piscina do Piso 0 / Pool Walls at Level 0 | C62: =MAPA_OBRA_707!C58 -> 0
A63: =MAPA_OBRA_707!A59 -> 0 | B63: =MAPA_OBRA_707!B59 -> Betão - Aplicação e Vibração | C63: =MAPA_OBRA_707!C59 -> m3 | D63: =MAPA_OBRA_707!D59 -> 215.23 | E63: 0 | F63: 0 | G63: =E63+F63 -> 0 | H63: =IF(D63>0, G63/D63, 0) -> 0 | I63: =D63-G63 -> 215.23 | J63: 0 | K63: =F63*J63 -> 0
A64: =MAPA_OBRA_707!A60 -> 0 | B64: =MAPA_OBRA_707!B60 -> Cofragem - Fornecimento e aplicação | C64: =MAPA_OBRA_707!C60 -> m2 | D64: =MAPA_OBRA_707!D60 -> 2152.3 | E64: 0 | F64: 0 | G64: =E64+F64 -> 0 | H64: =IF(D64>0, G64/D64, 0) -> 0 | I64: =D64-G64 -> 2152.3 | J64: 0 | K64: =F64*J64 -> 0
A65: =MAPA_OBRA_707!A61 -> 0 | B65: =MAPA_OBRA_707!B61 -> Aço - Moldagem, Corte e Aplicação | C65: =MAPA_OBRA_707!C61 -> kg | D65: =MAPA_OBRA_707!D61 -> 35956.43 | E65: 0 | F65: 0 | G65: =E65+F65 -> 0 | H65: =IF(D65>0, G65/D65, 0) -> 0 | I65: =D65-G65 -> 35956.43 | J65: 0 | K65: =F65*J65 -> 0
A66: =MAPA_OBRA_707!A62 -> 4.3.3 | B66: =MAPA_OBRA_707!B62 -> Paredes da Piscina da Cobertura | C66: =MAPA_OBRA_707!C62 -> 0
A67: =MAPA_OBRA_707!A63 -> 0 | B67: =MAPA_OBRA_707!B63 -> Betão - Aplicação e Vibração | C67: =MAPA_OBRA_707!C63 -> m3 | D67: =MAPA_OBRA_707!D63 -> 29.76 | E67: 0 | F67: 0 | G67: =E67+F67 -> 0 | H67: =IF(D67>0, G67/D67, 0) -> 0 | I67: =D67-G67 -> 29.76 | J67: 0 | K67: =F67*J67 -> 0
A68: =MAPA_OBRA_707!A64 -> 0 | B68: =MAPA_OBRA_707!B64 -> Cofragem - Fornecimento e aplicação | C68: =MAPA_OBRA_707!C64 -> m2 | D68: =MAPA_OBRA_707!D64 -> 267.84 | E68: 0 | F68: 0 | G68: =E68+F68 -> 0 | H68: =IF(D68>0, G68/D68, 0) -> 0 | I68: =D68-G68 -> 267.84 | J68: 0 | K68: =F68*J68 -> 0
A69: =MAPA_OBRA_707!A65 -> 0 | B69: =MAPA_OBRA_707!B65 -> Aço - Moldagem, Corte e Aplicação | C69: =MAPA_OBRA_707!C65 -> kg | D69: =MAPA_OBRA_707!D65 -> 4791.36 | E69: 0 | F69: 0 | G69: =E69+F69 -> 0 | H69: =IF(D69>0, G69/D69, 0) -> 0 | I69: =D69-G69 -> 4791.36 | J69: 0 | K69: =F69*J69 -> 0
A70: =MAPA_OBRA_707!A66 -> 4.4 | B70: =MAPA_OBRA_707!B66 -> Pavimento Térreos / Ground Floors | C70: =MAPA_OBRA_707!C66 -> 0
A71: =MAPA_OBRA_707!A67 -> 4.4.1 | B71: =MAPA_OBRA_707!B67 -> Piso da Cave / Basement Level | C71: =MAPA_OBRA_707!C67 -> 0
A72: =MAPA_OBRA_707!A68 -> 4.4.1.1 | B72: =MAPA_OBRA_707!B68 -> Execução de piso térreo interior, composto por elementos em polipropileno tipo 'Ferca Cupolex ref. H20' ou equivalente, com dimensão de 580x580x200, com 0,05cm de lâmina de compressão em concreto classe C20/25, armado com A500 aço NR, incluindo acabamento jateado com o incorporação de um endurecedor de superfície de cor natural no betão | C72: =MAPA_OBRA_707!C68 -> 0
A73: =MAPA_OBRA_707!A69 -> 4.1.1.1 | B73: =MAPA_OBRA_707!B69 -> Betão de Limpeza / Cleaning concrete | C73: =MAPA_OBRA_707!C69 -> m3 | D73: =MAPA_OBRA_707!D69 -> 108.75 | E73: 0 | F73: 0 | G73: =E73+F73 -> 0 | H73: =IF(D73>0, G73/D73, 0) -> 0 | I73: =D73-G73 -> 108.75 | J73: 0 | K73: =F73*J73 -> 0
A74: =MAPA_OBRA_707!A70 -> 4.1.1.2 | B74: =MAPA_OBRA_707!B70 -> Cupolex 20 | C74: =MAPA_OBRA_707!C70 -> m2 | D74: =MAPA_OBRA_707!D70 -> 2175 | E74: 0 | F74: 0 | G74: =E74+F74 -> 0 | H74: =IF(D74>0, G74/D74, 0) -> 0 | I74: =D74-G74 -> 2175 | J74: 0 | K74: =F74*J74 -> 0
A75: =MAPA_OBRA_707!A71 -> 4.1.1.3 | B75: =MAPA_OBRA_707!B71 -> Lâmina de compressão em betão C20/25 XC2 C0,40 D22 S3 | C75: =MAPA_OBRA_707!C71 -> m3 | D75: =MAPA_OBRA_707!D71 -> 108.75 | E75: 0 | F75: 0 | G75: =E75+F75 -> 0 | H75: =IF(D75>0, G75/D75, 0) -> 0 | I75: =D75-G75 -> 108.75 | J75: 0 | K75: =F75*J75 -> 0
A76: =MAPA_OBRA_707!A72 -> 4.1.1.4 | B76: =MAPA_OBRA_707!B72 -> Malhasol A500 AQ50 | C76: =MAPA_OBRA_707!C72 -> m2 | D76: =MAPA_OBRA_707!D72 -> 2175 | E76: 0 | F76: 0 | G76: =E76+F76 -> 0 | H76: =IF(D76>0, G76/D76, 0) -> 0 | I76: =D76-G76 -> 2175 | J76: 0 | K76: =F76*J76 -> 0
A77: TOTAL | K77: =SUM(K6:K76) -> 0

Sheet SUB_COFRAGEM
A1: AUTO DE MEDIÇÃO MENSAL — SUBEMPREITEIRO DE COFRAGEM — 707_VILA_MODERNA
A2: OBRA: | B2: 707_Vila_Moderna | D2: SUBEMPREITEIRO: | E2: Subempreiteiro de Cofragem | H2: AUTO N.º: | I2: 01
A3: DONO DE OBRA: | B3: NORASIL S.A. | D3: ESPECIALIDADE: | E3: Cofragens e Descofragens | H3: DATA: | I3: 30/09/2026
A5: Artº | B5: Designação de Trabalhos | C5: Un. | D5: Quant. Contrato | E5: Qtd. Anterior | F5: Qtd. no Mês | G5: Qtd. Acumulada | H5: % Execução | I5: Saldo a Executar | J5: P.U. (€) | K5: Valor no Mês (€)
A6: =MAPA_OBRA_707!A2 -> 4.1 | B6: =MAPA_OBRA_707!B2 -> Betão de Limpeza / Cleaning concrete | C6: =MAPA_OBRA_707!C2 -> 0
A7: =MAPA_OBRA_707!A4 -> 4.2 | B7: =MAPA_OBRA_707!B4 -> Fundações / Foundations | C7: =MAPA_OBRA_707!C4 -> 0
A8: =MAPA_OBRA_707!A5 -> 4.2.1 | B8: =MAPA_OBRA_707!B5 -> Fornecimento e colocação de betão armado C30/37 XC2 0,40 Dmáx 22 S3 , em sapatas de muros e paredes, incluindo o fornecimento, aplicação e desmontagem de cofragem e o fornecimento, moldagem e aplicação de aço A500NR. Todos os trabalhos deverão ser executados de acordo com as peças desenhadas: | C8: =MAPA_OBRA_707!C5 -> 0
A9: =MAPA_OBRA_707!A6 -> 4.2.1.1 | B9: =MAPA_OBRA_707!B6 -> Sapatas Isoladas / Isolated Foundations (90 kg/m3) | C9: =MAPA_OBRA_707!C6 -> 0
A10: =MAPA_OBRA_707!A8 -> 0 | B10: =MAPA_OBRA_707!B8 -> Cofragem - Fornecimento e aplicação | C10: =MAPA_OBRA_707!C8 -> m2 | D10: =MAPA_OBRA_707!D8 -> 409.68 | E10: 0 | F10: 0 | G10: =E10+F10 -> 0 | H10: =IF(D10>0, G10/D10, 0) -> 0 | I10: =D10-G10 -> 409.68 | J10: 0 | K10: =F10*J10 -> 0
A11: =MAPA_OBRA_707!A10 -> 4.2.1.2 | B11: =MAPA_OBRA_707!B10 -> Sapatas Contínuas / Continuous Foundations (110 kg/m3) | C11: =MAPA_OBRA_707!C10 -> 0
A12: =MAPA_OBRA_707!A12 -> 0 | B12: =MAPA_OBRA_707!B12 -> Cofragem - Fornecimento e aplicação | C12: =MAPA_OBRA_707!C12 -> m2 | D12: =MAPA_OBRA_707!D12 -> 388.83 | E12: 0 | F12: 0 | G12: =E12+F12 -> 0 | H12: =IF(D12>0, G12/D12, 0) -> 0 | I12: =D12-G12 -> 388.83 | J12: 0 | K12: =F12*J12 -> 0
A13: =MAPA_OBRA_707!A14 -> 4.2.1.3 | B13: =MAPA_OBRA_707!B14 -> Vigas de Fundação / Beams of Foundations (115 kg/m3) | C13: =MAPA_OBRA_707!C14 -> 0
A14: =MAPA_OBRA_707!A16 -> 0 | B14: =MAPA_OBRA_707!B16 -> Cofragem - Fornecimento e aplicação | C14: =MAPA_OBRA_707!C16 -> m2 | D14: =MAPA_OBRA_707!D16 -> 688.74 | E14: 0 | F14: 0 | G14: =E14+F14 -> 0 | H14: =IF(D14>0, G14/D14, 0) -> 0 | I14: =D14-G14 -> 688.74 | J14: 0 | K14: =F14*J14 -> 0
A15: =MAPA_OBRA_707!A18 -> 4.3 | B15: =MAPA_OBRA_707!B18 -> Superestrutura / Superstructure | C15: =MAPA_OBRA_707!C18 -> 0
A16: =MAPA_OBRA_707!A19 -> 4.3.1 | B16: =MAPA_OBRA_707!B19 -> Fornecimento e colocação de betão armado C30/37 XC1 Cl 0,20 Dmáx 20 S3 , em Muros, pilares, paredes, vigas e lajes, incluindo o fornecimento, aplicação e desmontagem de cofragem e o fornecimento, moldagem e aplicação de aço A500NR com a referida taxa de armaduras. Todos os trabalhos deverão ser executados de acordo com as peças desenhadas: | C16: =MAPA_OBRA_707!C19 -> 0
A17: =MAPA_OBRA_707!A20 -> 4.3.1.1 | B17: =MAPA_OBRA_707!B20 -> Muros Enterrados / Buried Walls (115 kg/m3) | C17: =MAPA_OBRA_707!C20 -> 0
A18: =MAPA_OBRA_707!A22 -> 0 | B18: =MAPA_OBRA_707!B22 -> Cofragem - Fornecimento e aplicação | C18: =MAPA_OBRA_707!C22 -> m2 | D18: =MAPA_OBRA_707!D22 -> 3597.09 | E18: 0 | F18: 0 | G18: =E18+F18 -> 0 | H18: =IF(D18>0, G18/D18, 0) -> 0 | I18: =D18-G18 -> 3597.09 | J18: 0 | K18: =F18*J18 -> 0
A19: =MAPA_OBRA_707!A24 -> 4.3.1.2 | B19: =MAPA_OBRA_707!B24 -> Pilares / Columns (290 kg/m3) | C19: =MAPA_OBRA_707!C24 -> 0
A20: =MAPA_OBRA_707!A26 -> 0 | B20: =MAPA_OBRA_707!B26 -> Cofragem - Fornecimento e aplicação | C20: =MAPA_OBRA_707!C26 -> m2 | D20: =MAPA_OBRA_707!D26 -> 1933.25 | E20: 0 | F20: 0 | G20: =E20+F20 -> 0 | H20: =IF(D20>0, G20/D20, 0) -> 0 | I20: =D20-G20 -> 1933.25 | J20: 0 | K20: =F20*J20 -> 0
A21: =MAPA_OBRA_707!A28 -> 4.3.1.3 | B21: =MAPA_OBRA_707!B28 -> Paredes / Walls (200 kg/m3) | C21: =MAPA_OBRA_707!C28 -> 0
A22: =MAPA_OBRA_707!A30 -> 0 | B22: =MAPA_OBRA_707!B30 -> Cofragem - Fornecimento e aplicação | C22: =MAPA_OBRA_707!C30 -> m2 | D22: =MAPA_OBRA_707!D30 -> 554.1 | E22: 0 | F22: 0 | G22: =E22+F22 -> 0 | H22: =IF(D22>0, G22/D22, 0) -> 0 | I22: =D22-G22 -> 554.1 | J22: 0 | K22: =F22*J22 -> 0
A23: =MAPA_OBRA_707!A32 -> 4.3.1.3 A | B23: =MAPA_OBRA_707!B32 -> Núcleos do Elevador / Elevator Shaft (200 kg/m3) | C23: =MAPA_OBRA_707!C32 -> 0
A24: =MAPA_OBRA_707!A34 -> 0 | B24: =MAPA_OBRA_707!B34 -> Cofragem - Fornecimento e aplicação | C24: =MAPA_OBRA_707!C34 -> m2 | D24: =MAPA_OBRA_707!D34 -> 1862.19 | E24: 0 | F24: 0 | G24: =E24+F24 -> 0 | H24: =IF(D24>0, G24/D24, 0) -> 0 | I24: =D24-G24 -> 1862.19 | J24: 0 | K24: =F24*J24 -> 0
A25: =MAPA_OBRA_707!A36 -> 4.3.1.4 | B25: =MAPA_OBRA_707!B36 -> Vigas / Beams (150 kg/m3) | C25: =MAPA_OBRA_707!C36 -> 0
A26: =MAPA_OBRA_707!A38 -> 0 | B26: =MAPA_OBRA_707!B38 -> Cofragem - Fornecimento e aplicação | C26: =MAPA_OBRA_707!C38 -> m2 | D26: =MAPA_OBRA_707!D38 -> 3847 | E26: 0 | F26: 0 | G26: =E26+F26 -> 0 | H26: =IF(D26>0, G26/D26, 0) -> 0 | I26: =D26-G26 -> 3847 | J26: 0 | K26: =F26*J26 -> 0
A27: =MAPA_OBRA_707!A40 -> 4.3.1.5 | B27: =MAPA_OBRA_707!B40 -> Lajes Maciças / Massive Slabs (120 kg/m3) | C27: =MAPA_OBRA_707!C40 -> 0
A28: =MAPA_OBRA_707!A42 -> 0 | B28: =MAPA_OBRA_707!B42 -> Cofragem - Fornecimento e aplicação | C28: =MAPA_OBRA_707!C42 -> m2 | D28: =MAPA_OBRA_707!D42 -> 726.75 | E28: 0 | F28: 0 | G28: =E28+F28 -> 0 | H28: =IF(D28>0, G28/D28, 0) -> 0 | I28: =D28-G28 -> 726.75 | J28: 0 | K28: =F28*J28 -> 0
A29: =MAPA_OBRA_707!A44 -> 4.3.1.6 | B29: =MAPA_OBRA_707!B44 -> Escadas / Stairs (80 kg/m3) | C29: =MAPA_OBRA_707!C44 -> 0
A30: =MAPA_OBRA_707!A46 -> 0 | B30: =MAPA_OBRA_707!B46 -> Cofragem - Fornecimento e aplicação | C30: =MAPA_OBRA_707!C46 -> m2 | D30: =MAPA_OBRA_707!D46 -> 600 | E30: 0 | F30: 0 | G30: =E30+F30 -> 0 | H30: =IF(D30>0, G30/D30, 0) -> 0 | I30: =D30-G30 -> 600 | J30: 0 | K30: =F30*J30 -> 0
A31: =MAPA_OBRA_707!A48 -> 4.3.1.7 | B31: =MAPA_OBRA_707!B48 -> Fornecimento e aplicação de lajes aligeiradas fabricadas com sistema Cobiax CBX S-120 da Ferca ou similar, composto por material reciclado tipo Cobiax Slim-Line módulos de iluminação em polipropileno com altura de 0,23m, preenchido com betão classe C30/37, fôrma , reforço de haste de aço A500NR (125 kg/m3) | C31: =MAPA_OBRA_707!C48 -> 0
A32: =MAPA_OBRA_707!A50 -> 0 | B32: =MAPA_OBRA_707!B50 -> Cofragem - Fornecimento e aplicação | C32: =MAPA_OBRA_707!C50 -> m2 | D32: =MAPA_OBRA_707!D50 -> 5900.33 | E32: 0 | F32: 0 | G32: =E32+F32 -> 0 | H32: =IF(D32>0, G32/D32, 0) -> 0 | I32: =D32-G32 -> 5900.33 | J32: 0 | K32: =F32*J32 -> 0
A33: =MAPA_OBRA_707!A53 -> 4.3.2 | B33: =MAPA_OBRA_707!B53 -> Fornecimento e colocação de betão armado C30/37 XD2 Cl 0,20 Dmáx 20 S3 , em lajes e paredes da piscina, incluindo o fornecimento, aplicação e desmontagem de cofragem e o fornecimento, moldagem e aplicação de aço A500NR. Todos os trabalhos deverão ser executados de acordo com as peças desenhadas: | C33: =MAPA_OBRA_707!C53 -> 0
A34: =MAPA_OBRA_707!A54 -> 4.3.1 | B34: =MAPA_OBRA_707!B54 -> Laje de Fundo de Piscina do Piso 0 / Pool Bottom Slab of Leve 0 | C34: =MAPA_OBRA_707!C54 -> 0
A35: =MAPA_OBRA_707!A56 -> 0 | B35: =MAPA_OBRA_707!B56 -> Cofragem - Fornecimento e aplicação | C35: =MAPA_OBRA_707!C56 -> m2 | D35: =MAPA_OBRA_707!D56 -> 469.62 | E35: 0 | F35: 0 | G35: =E35+F35 -> 0 | H35: =IF(D35>0, G35/D35, 0) -> 0 | I35: =D35-G35 -> 469.62 | J35: 0 | K35: =F35*J35 -> 0
A36: =MAPA_OBRA_707!A58 -> 4.3.2 | B36: =MAPA_OBRA_707!B58 -> Parede de Piscina do Piso 0 / Pool Walls at Level 0 | C36: =MAPA_OBRA_707!C58 -> 0
A37: =MAPA_OBRA_707!A60 -> 0 | B37: =MAPA_OBRA_707!B60 -> Cofragem - Fornecimento e aplicação | C37: =MAPA_OBRA_707!C60 -> m2 | D37: =MAPA_OBRA_707!D60 -> 2152.3 | E37: 0 | F37: 0 | G37: =E37+F37 -> 0 | H37: =IF(D37>0, G37/D37, 0) -> 0 | I37: =D37-G37 -> 2152.3 | J37: 0 | K37: =F37*J37 -> 0
A38: =MAPA_OBRA_707!A62 -> 4.3.3 | B38: =MAPA_OBRA_707!B62 -> Paredes da Piscina da Cobertura | C38: =MAPA_OBRA_707!C62 -> 0
A39: =MAPA_OBRA_707!A64 -> 0 | B39: =MAPA_OBRA_707!B64 -> Cofragem - Fornecimento e aplicação | C39: =MAPA_OBRA_707!C64 -> m2 | D39: =MAPA_OBRA_707!D64 -> 267.84 | E39: 0 | F39: 0 | G39: =E39+F39 -> 0 | H39: =IF(D39>0, G39/D39, 0) -> 0 | I39: =D39-G39 -> 267.84 | J39: 0 | K39: =F39*J39 -> 0
A40: =MAPA_OBRA_707!A66 -> 4.4 | B40: =MAPA_OBRA_707!B66 -> Pavimento Térreos / Ground Floors | C40: =MAPA_OBRA_707!C66 -> 0
A41: =MAPA_OBRA_707!A67 -> 4.4.1 | B41: =MAPA_OBRA_707!B67 -> Piso da Cave / Basement Level | C41: =MAPA_OBRA_707!C67 -> 0
A42: =MAPA_OBRA_707!A68 -> 4.4.1.1 | B42: =MAPA_OBRA_707!B68 -> Execução de piso térreo interior, composto por elementos em polipropileno tipo 'Ferca Cupolex ref. H20' ou equivalente, com dimensão de 580x580x200, com 0,05cm de lâmina de compressão em concreto classe C20/25, armado com A500 aço NR, incluindo acabamento jateado com o incorporação de um endurecedor de superfície de cor natural no betão | C42: =MAPA_OBRA_707!C68 -> 0
A43: TOTAL | K43: =SUM(K6:K42) -> 0

Sheet SUB_ARMADURAS
A1: AUTO DE MEDIÇÃO MENSAL — SUBEMPREITEIRO DE ARMADURAS — 707_VILA_MODERNA
A2: OBRA: | B2: 707_Vila_Moderna | D2: SUBEMPREITEIRO: | E2: Subempreiteiro de Armaduras | H2: AUTO N.º: | I2: 01
A3: DONO DE OBRA: | B3: NORASIL S.A. | D3: ESPECIALIDADE: | E3: Corte, Moldagem e Aplicação de Aço | H3: DATA: | I3: 30/09/2026
A5: Artº | B5: Designação de Trabalhos | C5: Un. | D5: Quant. Contrato | E5: Qtd. Anterior | F5: Qtd. no Mês | G5: Qtd. Acumulada | H5: % Execução | I5: Saldo a Executar | J5: P.U. (€) | K5: Valor no Mês (€)
A6: =MAPA_OBRA_707!A2 -> 4.1 | B6: =MAPA_OBRA_707!B2 -> Betão de Limpeza / Cleaning concrete | C6: =MAPA_OBRA_707!C2 -> 0
A7: =MAPA_OBRA_707!A4 -> 4.2 | B7: =MAPA_OBRA_707!B4 -> Fundações / Foundations | C7: =MAPA_OBRA_707!C4 -> 0
A8: =MAPA_OBRA_707!A5 -> 4.2.1 | B8: =MAPA_OBRA_707!B5 -> Fornecimento e colocação de betão armado C30/37 XC2 0,40 Dmáx 22 S3 , em sapatas de muros e paredes, incluindo o fornecimento, aplicação e desmontagem de cofragem e o fornecimento, moldagem e aplicação de aço A500NR. Todos os trabalhos deverão ser executados de acordo com as peças desenhadas: | C8: =MAPA_OBRA_707!C5 -> 0
A9: =MAPA_OBRA_707!A6 -> 4.2.1.1 | B9: =MAPA_OBRA_707!B6 -> Sapatas Isoladas / Isolated Foundations (90 kg/m3) | C9: =MAPA_OBRA_707!C6 -> 0
A10: =MAPA_OBRA_707!A9 -> 0 | B10: =MAPA_OBRA_707!B9 -> Aço - Moldagem, Corte e Aplicação | C10: =MAPA_OBRA_707!C9 -> kg | D10: =MAPA_OBRA_707!D9 -> 16960.55 | E10: 0 | F10: 0 | G10: =E10+F10 -> 0 | H10: =IF(D10>0, G10/D10, 0) -> 0 | I10: =D10-G10 -> 16960.55 | J10: 0 | K10: =F10*J10 -> 0
A11: =MAPA_OBRA_707!A10 -> 4.2.1.2 | B11: =MAPA_OBRA_707!B10 -> Sapatas Contínuas / Continuous Foundations (110 kg/m3) | C11: =MAPA_OBRA_707!C10 -> 0
A12: =MAPA_OBRA_707!A13 -> 0 | B12: =MAPA_OBRA_707!B13 -> Aço - Moldagem, Corte e Aplicação | C12: =MAPA_OBRA_707!C13 -> kg | D12: =MAPA_OBRA_707!D13 -> 19674.67 | E12: 0 | F12: 0 | G12: =E12+F12 -> 0 | H12: =IF(D12>0, G12/D12, 0) -> 0 | I12: =D12-G12 -> 19674.67 | J12: 0 | K12: =F12*J12 -> 0
A13: =MAPA_OBRA_707!A14 -> 4.2.1.3 | B13: =MAPA_OBRA_707!B14 -> Vigas de Fundação / Beams of Foundations (115 kg/m3) | C13: =MAPA_OBRA_707!C14 -> 0
A14: =MAPA_OBRA_707!A17 -> 0 | B14: =MAPA_OBRA_707!B17 -> Aço - Moldagem, Corte e Aplicação | C14: =MAPA_OBRA_707!C17 -> kg | D14: =MAPA_OBRA_707!D17 -> 8125.44 | E14: 0 | F14: 0 | G14: =E14+F14 -> 0 | H14: =IF(D14>0, G14/D14, 0) -> 0 | I14: =D14-G14 -> 8125.44 | J14: 0 | K14: =F14*J14 -> 0
A15: =MAPA_OBRA_707!A18 -> 4.3 | B15: =MAPA_OBRA_707!B18 -> Superestrutura / Superstructure | C15: =MAPA_OBRA_707!C18 -> 0
A16: =MAPA_OBRA_707!A19 -> 4.3.1 | B16: =MAPA_OBRA_707!B19 -> Fornecimento e colocação de betão armado C30/37 XC1 Cl 0,20 Dmáx 20 S3 , em Muros, pilares, paredes, vigas e lajes, incluindo o fornecimento, aplicação e desmontagem de cofragem e o fornecimento, moldagem e aplicação de aço A500NR com a referida taxa de armaduras. Todos os trabalhos deverão ser executados de acordo com as peças desenhadas: | C16: =MAPA_OBRA_707!C19 -> 0
A17: =MAPA_OBRA_707!A20 -> 4.3.1.1 | B17: =MAPA_OBRA_707!B20 -> Muros Enterrados / Buried Walls (115 kg/m3) | C17: =MAPA_OBRA_707!C20 -> 0
A18: =MAPA_OBRA_707!A23 -> 0 | B18: =MAPA_OBRA_707!B23 -> Aço - Moldagem, Corte e Aplicação | C18: =MAPA_OBRA_707!C23 -> kg | D18: =MAPA_OBRA_707!D23 -> 53583.49 | E18: 0 | F18: 0 | G18: =E18+F18 -> 0 | H18: =IF(D18>0, G18/D18, 0) -> 0 | I18: =D18-G18 -> 53583.49 | J18: 0 | K18: =F18*J18 -> 0
A19: =MAPA_OBRA_707!A24 -> 4.3.1.2 | B19: =MAPA_OBRA_707!B24 -> Pilares / Columns (290 kg/m3) | C19: =MAPA_OBRA_707!C24 -> 0
A20: =MAPA_OBRA_707!A27 -> 0 | B20: =MAPA_OBRA_707!B27 -> Aço - Moldagem, Corte e Aplicação | C20: =MAPA_OBRA_707!C27 -> kg | D20: =MAPA_OBRA_707!D27 -> 58612.63 | E20: 0 | F20: 0 | G20: =E20+F20 -> 0 | H20: =IF(D20>0, G20/D20, 0) -> 0 | I20: =D20-G20 -> 58612.63 | J20: 0 | K20: =F20*J20 -> 0
A21: =MAPA_OBRA_707!A28 -> 4.3.1.3 | B21: =MAPA_OBRA_707!B28 -> Paredes / Walls (200 kg/m3) | C21: =MAPA_OBRA_707!C28 -> 0
A22: =MAPA_OBRA_707!A31 -> 0 | B22: =MAPA_OBRA_707!B31 -> Aço - Moldagem, Corte e Aplicação | C22: =MAPA_OBRA_707!C31 -> kg | D22: =MAPA_OBRA_707!D31 -> 12744.3 | E22: 0 | F22: 0 | G22: =E22+F22 -> 0 | H22: =IF(D22>0, G22/D22, 0) -> 0 | I22: =D22-G22 -> 12744.3 | J22: 0 | K22: =F22*J22 -> 0
A23: =MAPA_OBRA_707!A32 -> 4.3.1.3 A | B23: =MAPA_OBRA_707!B32 -> Núcleos do Elevador / Elevator Shaft (200 kg/m3) | C23: =MAPA_OBRA_707!C32 -> 0
A24: =MAPA_OBRA_707!A35 -> 0 | B24: =MAPA_OBRA_707!B35 -> Aço - Moldagem, Corte e Aplicação | C24: =MAPA_OBRA_707!C35 -> kg | D24: =MAPA_OBRA_707!D35 -> 38760.52 | E24: 0 | F24: 0 | G24: =E24+F24 -> 0 | H24: =IF(D24>0, G24/D24, 0) -> 0 | I24: =D24-G24 -> 38760.52 | J24: 0 | K24: =F24*J24 -> 0
A25: =MAPA_OBRA_707!A36 -> 4.3.1.4 | B25: =MAPA_OBRA_707!B36 -> Vigas / Beams (150 kg/m3) | C25: =MAPA_OBRA_707!C36 -> 0
A26: =MAPA_OBRA_707!A39 -> 0 | B26: =MAPA_OBRA_707!B39 -> Aço - Moldagem, Corte e Aplicação | C26: =MAPA_OBRA_707!C39 -> kg | D26: =MAPA_OBRA_707!D39 -> 66360.75 | E26: 0 | F26: 0 | G26: =E26+F26 -> 0 | H26: =IF(D26>0, G26/D26, 0) -> 0 | I26: =D26-G26 -> 66360.75 | J26: 0 | K26: =F26*J26 -> 0
A27: =MAPA_OBRA_707!A40 -> 4.3.1.5 | B27: =MAPA_OBRA_707!B40 -> Lajes Maciças / Massive Slabs (120 kg/m3) | C27: =MAPA_OBRA_707!C40 -> 0
A28: =MAPA_OBRA_707!A43 -> 0 | B28: =MAPA_OBRA_707!B43 -> Aço - Moldagem, Corte e Aplicação | C28: =MAPA_OBRA_707!C43 -> kg | D28: =MAPA_OBRA_707!D43 -> 20058.3 | E28: 0 | F28: 0 | G28: =E28+F28 -> 0 | H28: =IF(D28>0, G28/D28, 0) -> 0 | I28: =D28-G28 -> 20058.3 | J28: 0 | K28: =F28*J28 -> 0
A29: =MAPA_OBRA_707!A44 -> 4.3.1.6 | B29: =MAPA_OBRA_707!B44 -> Escadas / Stairs (80 kg/m3) | C29: =MAPA_OBRA_707!C44 -> 0
A30: =MAPA_OBRA_707!A47 -> 0 | B30: =MAPA_OBRA_707!B47 -> Aço - Moldagem, Corte e Aplicação | C30: =MAPA_OBRA_707!C47 -> kg | D30: =MAPA_OBRA_707!D47 -> 5520 | E30: 0 | F30: 0 | G30: =E30+F30 -> 0 | H30: =IF(D30>0, G30/D30, 0) -> 0 | I30: =D30-G30 -> 5520 | J30: 0 | K30: =F30*J30 -> 0
A31: =MAPA_OBRA_707!A48 -> 4.3.1.7 | B31: =MAPA_OBRA_707!B48 -> Fornecimento e aplicação de lajes aligeiradas fabricadas com sistema Cobiax CBX S-120 da Ferca ou similar, composto por material reciclado tipo Cobiax Slim-Line módulos de iluminação em polipropileno com altura de 0,23m, preenchido com betão classe C30/37, fôrma , reforço de haste de aço A500NR (125 kg/m3) | C31: =MAPA_OBRA_707!C48 -> 0
A32: =MAPA_OBRA_707!A51 -> 0 | B32: =MAPA_OBRA_707!B51 -> Aço - Moldagem, Corte e Aplicação | C32: =MAPA_OBRA_707!C51 -> kg | D32: =MAPA_OBRA_707!D51 -> 162796.88 | E32: 0 | F32: 0 | G32: =E32+F32 -> 0 | H32: =IF(D32>0, G32/D32, 0) -> 0 | I32: =D32-G32 -> 162796.88 | J32: 0 | K32: =F32*J32 -> 0
A33: =MAPA_OBRA_707!A53 -> 4.3.2 | B33: =MAPA_OBRA_707!B53 -> Fornecimento e colocação de betão armado C30/37 XD2 Cl 0,20 Dmáx 20 S3 , em lajes e paredes da piscina, incluindo o fornecimento, aplicação e desmontagem de cofragem e o fornecimento, moldagem e aplicação de aço A500NR. Todos os trabalhos deverão ser executados de acordo com as peças desenhadas: | C33: =MAPA_OBRA_707!C53 -> 0
A34: =MAPA_OBRA_707!A54 -> 4.3.1 | B34: =MAPA_OBRA_707!B54 -> Laje de Fundo de Piscina do Piso 0 / Pool Bottom Slab of Leve 0 | C34: =MAPA_OBRA_707!C54 -> 0
A35: =MAPA_OBRA_707!A57 -> 0 | B35: =MAPA_OBRA_707!B57 -> Aço - Moldagem, Corte e Aplicação | C35: =MAPA_OBRA_707!C57 -> kg | D35: =MAPA_OBRA_707!D57 -> 23762.77 | E35: 0 | F35: 0 | G35: =E35+F35 -> 0 | H35: =IF(D35>0, G35/D35, 0) -> 0 | I35: =D35-G35 -> 23762.77 | J35: 0 | K35: =F35*J35 -> 0
A36: =MAPA_OBRA_707!A58 -> 4.3.2 | B36: =MAPA_OBRA_707!B58 -> Parede de Piscina do Piso 0 / Pool Walls at Level 0 | C36: =MAPA_OBRA_707!C58 -> 0
A37: =MAPA_OBRA_707!A61 -> 0 | B37: =MAPA_OBRA_707!B61 -> Aço - Moldagem, Corte e Aplicação | C37: =MAPA_OBRA_707!C61 -> kg | D37: =MAPA_OBRA_707!D61 -> 35956.43 | E37: 0 | F37: 0 | G37: =E37+F37 -> 0 | H37: =IF(D37>0, G37/D37, 0) -> 0 | I37: =D37-G37 -> 35956.43 | J37: 0 | K37: =F37*J37 -> 0
A38: =MAPA_OBRA_707!A62 -> 4.3.3 | B38: =MAPA_OBRA_707!B62 -> Paredes da Piscina da Cobertura | C38: =MAPA_OBRA_707!C62 -> 0
A39: =MAPA_OBRA_707!A65 -> 0 | B39: =MAPA_OBRA_707!B65 -> Aço - Moldagem, Corte e Aplicação | C39: =MAPA_OBRA_707!C65 -> kg | D39: =MAPA_OBRA_707!D65 -> 4791.36 | E39: 0 | F39: 0 | G39: =E39+F39 -> 0 | H39: =IF(D39>0, G39/D39, 0) -> 0 | I39: =D39-G39 -> 4791.36 | J39: 0 | K39: =F39*J39 -> 0
A40: =MAPA_OBRA_707!A66 -> 4.4 | B40: =MAPA_OBRA_707!B66 -> Pavimento Térreos / Ground Floors | C40: =MAPA_OBRA_707!C66 -> 0
A41: =MAPA_OBRA_707!A67 -> 4.4.1 | B41: =MAPA_OBRA_707!B67 -> Piso da Cave / Basement Level | C41: =MAPA_OBRA_707!C67 -> 0
A42: =MAPA_OBRA_707!A68 -> 4.4.1.1 | B42: =MAPA_OBRA_707!B68 -> Execução de piso térreo interior, composto por elementos em polipropileno tipo 'Ferca Cupolex ref. H20' ou equivalente, com dimensão de 580x580x200, com 0,05cm de lâmina de compressão em concreto classe C20/25, armado com A500 aço NR, incluindo acabamento jateado com o incorporação de um endurecedor de superfície de cor natural no betão | C42: =MAPA_OBRA_707!C68 -> 0
A43: =MAPA_OBRA_707!A72 -> 4.1.1.4 | B43: =MAPA_OBRA_707!B72 -> Malhasol A500 AQ50 | C43: =MAPA_OBRA_707!C72 -> m2 | D43: =MAPA_OBRA_707!D72 -> 2175 | E43: 0 | F43: 0 | G43: =E43+F43 -> 0 | H43: =IF(D43>0, G43/D43, 0) -> 0 | I43: =D43-G43 -> 2175 | J43: 0 | K43: =F43*J43 -> 0
A44: TOTAL | K44: =SUM(K6:K43) -> 0

Sheet SUB_BETAO
A1: AUTO DE MEDIÇÃO MENSAL — SUBEMPREITEIRO DE BETÃO — 707_VILA_MODERNA
A2: OBRA: | B2: 707_Vila_Moderna | D2: SUBEMPREITEIRO: | E2: Subempreiteiro de Betão | H2: AUTO N.º: | I2: 01
A3: DONO DE OBRA: | B3: NORASIL S.A. | D3: ESPECIALIDADE: | E3: Fornecimento, Aplicação e Vibração de Betão | H3: DATA: | I3: 30/09/2026
A5: Artº | B5: Designação de Trabalhos | C5: Un. | D5: Quant. Contrato | E5: Qtd. Anterior | F5: Qtd. no Mês | G5: Qtd. Acumulada | H5: % Execução | I5: Saldo a Executar | J5: P.U. (€) | K5: Valor no Mês (€)
A6: =MAPA_OBRA_707!A2 -> 4.1 | B6: =MAPA_OBRA_707!B2 -> Betão de Limpeza / Cleaning concrete | C6: =MAPA_OBRA_707!C2 -> 0
A7: =MAPA_OBRA_707!A4 -> 4.2 | B7: =MAPA_OBRA_707!B4 -> Fundações / Foundations | C7: =MAPA_OBRA_707!C4 -> 0
A8: =MAPA_OBRA_707!A5 -> 4.2.1 | B8: =MAPA_OBRA_707!B5 -> Fornecimento e colocação de betão armado C30/37 XC2 0,40 Dmáx 22 S3 , em sapatas de muros e paredes, incluindo o fornecimento, aplicação e desmontagem de cofragem e o fornecimento, moldagem e aplicação de aço A500NR. Todos os trabalhos deverão ser executados de acordo com as peças desenhadas: | C8: =MAPA_OBRA_707!C5 -> 0
A9: =MAPA_OBRA_707!A6 -> 4.2.1.1 | B9: =MAPA_OBRA_707!B6 -> Sapatas Isoladas / Isolated Foundations (90 kg/m3) | C9: =MAPA_OBRA_707!C6 -> 0
A10: =MAPA_OBRA_707!A7 -> 0 | B10: =MAPA_OBRA_707!B7 -> Betão - Aplicação e Vibração | C10: =MAPA_OBRA_707!C7 -> m3 | D10: =MAPA_OBRA_707!D7 -> 163.87 | E10: 0 | F10: 0 | G10: =E10+F10 -> 0 | H10: =IF(D10>0, G10/D10, 0) -> 0 | I10: =D10-G10 -> 163.87 | J10: 0 | K10: =F10*J10 -> 0
A11: =MAPA_OBRA_707!A10 -> 4.2.1.2 | B11: =MAPA_OBRA_707!B10 -> Sapatas Contínuas / Continuous Foundations (110 kg/m3) | C11: =MAPA_OBRA_707!C10 -> 0
A12: =MAPA_OBRA_707!A11 -> 0 | B12: =MAPA_OBRA_707!B11 -> Betão - Aplicação e Vibração | C12: =MAPA_OBRA_707!C11 -> m3 | D12: =MAPA_OBRA_707!D11 -> 155.53 | E12: 0 | F12: 0 | G12: =E12+F12 -> 0 | H12: =IF(D12>0, G12/D12, 0) -> 0 | I12: =D12-G12 -> 155.53 | J12: 0 | K12: =F12*J12 -> 0
A13: =MAPA_OBRA_707!A14 -> 4.2.1.3 | B13: =MAPA_OBRA_707!B14 -> Vigas de Fundação / Beams of Foundations (115 kg/m3) | C13: =MAPA_OBRA_707!C14 -> 0
A14: =MAPA_OBRA_707!A15 -> 0 | B14: =MAPA_OBRA_707!B15 -> Betão - Aplicação e Vibração | C14: =MAPA_OBRA_707!C15 -> m3 | D14: =MAPA_OBRA_707!D15 -> 61.44 | E14: 0 | F14: 0 | G14: =E14+F14 -> 0 | H14: =IF(D14>0, G14/D14, 0) -> 0 | I14: =D14-G14 -> 61.44 | J14: 0 | K14: =F14*J14 -> 0
A15: =MAPA_OBRA_707!A18 -> 4.3 | B15: =MAPA_OBRA_707!B18 -> Superestrutura / Superstructure | C15: =MAPA_OBRA_707!C18 -> 0
A16: =MAPA_OBRA_707!A19 -> 4.3.1 | B16: =MAPA_OBRA_707!B19 -> Fornecimento e colocação de betão armado C30/37 XC1 Cl 0,20 Dmáx 20 S3 , em Muros, pilares, paredes, vigas e lajes, incluindo o fornecimento, aplicação e desmontagem de cofragem e o fornecimento, moldagem e aplicação de aço A500NR com a referida taxa de armaduras. Todos os trabalhos deverão ser executados de acordo com as peças desenhadas: | C16: =MAPA_OBRA_707!C19 -> 0
A17: =MAPA_OBRA_707!A20 -> 4.3.1.1 | B17: =MAPA_OBRA_707!B20 -> Muros Enterrados / Buried Walls (115 kg/m3) | C17: =MAPA_OBRA_707!C20 -> 0
A18: =MAPA_OBRA_707!A21 -> 0 | B18: =MAPA_OBRA_707!B21 -> Betão - Aplicação e Vibração | C18: =MAPA_OBRA_707!C21 -> m3 | D18: =MAPA_OBRA_707!D21 -> 357.21 | E18: 0 | F18: 0 | G18: =E18+F18 -> 0 | H18: =IF(D18>0, G18/D18, 0) -> 0 | I18: =D18-G18 -> 357.21 | J18: 0 | K18: =F18*J18 -> 0
A19: =MAPA_OBRA_707!A24 -> 4.3.1.2 | B19: =MAPA_OBRA_707!B24 -> Pilares / Columns (290 kg/m3) | C19: =MAPA_OBRA_707!C24 -> 0
A20: =MAPA_OBRA_707!A25 -> 0 | B20: =MAPA_OBRA_707!B25 -> Betão - Aplicação e Vibração | C20: =MAPA_OBRA_707!C25 -> m3 | D20: =MAPA_OBRA_707!D25 -> 175.75 | E20: 0 | F20: 0 | G20: =E20+F20 -> 0 | H20: =IF(D20>0, G20/D20, 0) -> 0 | I20: =D20-G20 -> 175.75 | J20: 0 | K20: =F20*J20 -> 0
A21: =MAPA_OBRA_707!A28 -> 4.3.1.3 | B21: =MAPA_OBRA_707!B28 -> Paredes / Walls (200 kg/m3) | C21: =MAPA_OBRA_707!C28 -> 0
A22: =MAPA_OBRA_707!A29 -> 0 | B22: =MAPA_OBRA_707!B29 -> Betão - Aplicação e Vibração | C22: =MAPA_OBRA_707!C29 -> m3 | D22: =MAPA_OBRA_707!D29 -> 55.41 | E22: 0 | F22: 0 | G22: =E22+F22 -> 0 | H22: =IF(D22>0, G22/D22, 0) -> 0 | I22: =D22-G22 -> 55.41 | J22: 0 | K22: =F22*J22 -> 0
A23: =MAPA_OBRA_707!A32 -> 4.3.1.3 A | B23: =MAPA_OBRA_707!B32 -> Núcleos do Elevador / Elevator Shaft (200 kg/m3) | C23: =MAPA_OBRA_707!C32 -> 0
A24: =MAPA_OBRA_707!A33 -> 0 | B24: =MAPA_OBRA_707!B33 -> Betão - Aplicação e Vibração | C24: =MAPA_OBRA_707!C33 -> m3 | D24: =MAPA_OBRA_707!D33 -> 168.52 | E24: 0 | F24: 0 | G24: =E24+F24 -> 0 | H24: =IF(D24>0, G24/D24, 0) -> 0 | I24: =D24-G24 -> 168.52 | J24: 0 | K24: =F24*J24 -> 0
A25: =MAPA_OBRA_707!A36 -> 4.3.1.4 | B25: =MAPA_OBRA_707!B36 -> Vigas / Beams (150 kg/m3) | C25: =MAPA_OBRA_707!C36 -> 0
A26: =MAPA_OBRA_707!A37 -> 0 | B26: =MAPA_OBRA_707!B37 -> Betão - Aplicação e Vibração | C26: =MAPA_OBRA_707!C37 -> m3 | D26: =MAPA_OBRA_707!D37 -> 384.7 | E26: 0 | F26: 0 | G26: =E26+F26 -> 0 | H26: =IF(D26>0, G26/D26, 0) -> 0 | I26: =D26-G26 -> 384.7 | J26: 0 | K26: =F26*J26 -> 0
A27: =MAPA_OBRA_707!A40 -> 4.3.1.5 | B27: =MAPA_OBRA_707!B40 -> Lajes Maciças / Massive Slabs (120 kg/m3) | C27: =MAPA_OBRA_707!C40 -> 0
A28: =MAPA_OBRA_707!A41 -> 0 | B28: =MAPA_OBRA_707!B41 -> Betão - Aplicação e Vibração | C28: =MAPA_OBRA_707!C41 -> m3 | D28: =MAPA_OBRA_707!D41 -> 145.35 | E28: 0 | F28: 0 | G28: =E28+F28 -> 0 | H28: =IF(D28>0, G28/D28, 0) -> 0 | I28: =D28-G28 -> 145.35 | J28: 0 | K28: =F28*J28 -> 0
A29: =MAPA_OBRA_707!A44 -> 4.3.1.6 | B29: =MAPA_OBRA_707!B44 -> Escadas / Stairs (80 kg/m3) | C29: =MAPA_OBRA_707!C44 -> 0
A30: =MAPA_OBRA_707!A45 -> 0 | B30: =MAPA_OBRA_707!B45 -> Betão - Aplicação e Vibração | C30: =MAPA_OBRA_707!C45 -> m3 | D30: =MAPA_OBRA_707!D45 -> 60 | E30: 0 | F30: 0 | G30: =E30+F30 -> 0 | H30: =IF(D30>0, G30/D30, 0) -> 0 | I30: =D30-G30 -> 60 | J30: 0 | K30: =F30*J30 -> 0
A31: =MAPA_OBRA_707!A48 -> 4.3.1.7 | B31: =MAPA_OBRA_707!B48 -> Fornecimento e aplicação de lajes aligeiradas fabricadas com sistema Cobiax CBX S-120 da Ferca ou similar, composto por material reciclado tipo Cobiax Slim-Line módulos de iluminação em polipropileno com altura de 0,23m, preenchido com betão classe C30/37, fôrma , reforço de haste de aço A500NR (125 kg/m3) | C31: =MAPA_OBRA_707!C48 -> 0
A32: =MAPA_OBRA_707!A49 -> 0 | B32: =MAPA_OBRA_707!B49 -> Betão - Aplicação e Vibração | C32: =MAPA_OBRA_707!C49 -> m3 | D32: =MAPA_OBRA_707!D49 -> 685.93 | E32: 0 | F32: 0 | G32: =E32+F32 -> 0 | H32: =IF(D32>0, G32/D32, 0) -> 0 | I32: =D32-G32 -> 685.93 | J32: 0 | K32: =F32*J32 -> 0
A33: =MAPA_OBRA_707!A53 -> 4.3.2 | B33: =MAPA_OBRA_707!B53 -> Fornecimento e colocação de betão armado C30/37 XD2 Cl 0,20 Dmáx 20 S3 , em lajes e paredes da piscina, incluindo o fornecimento, aplicação e desmontagem de cofragem e o fornecimento, moldagem e aplicação de aço A500NR. Todos os trabalhos deverão ser executados de acordo com as peças desenhadas: | C33: =MAPA_OBRA_707!C53 -> 0
A34: =MAPA_OBRA_707!A54 -> 4.3.1 | B34: =MAPA_OBRA_707!B54 -> Laje de Fundo de Piscina do Piso 0 / Pool Bottom Slab of Leve 0 | C34: =MAPA_OBRA_707!C54 -> 0
A35: =MAPA_OBRA_707!A55 -> 0 | B35: =MAPA_OBRA_707!B55 -> Betão - Aplicação e Vibração | C35: =MAPA_OBRA_707!C55 -> m3 | D35: =MAPA_OBRA_707!D55 -> 187.85 | E35: 0 | F35: 0 | G35: =E35+F35 -> 0 | H35: =IF(D35>0, G35/D35, 0) -> 0 | I35: =D35-G35 -> 187.85 | J35: 0 | K35: =F35*J35 -> 0
A36: =MAPA_OBRA_707!A58 -> 4.3.2 | B36: =MAPA_OBRA_707!B58 -> Parede de Piscina do Piso 0 / Pool Walls at Level 0 | C36: =MAPA_OBRA_707!C58 -> 0
A37: =MAPA_OBRA_707!A59 -> 0 | B37: =MAPA_OBRA_707!B59 -> Betão - Aplicação e Vibração | C37: =MAPA_OBRA_707!C59 -> m3 | D37: =MAPA_OBRA_707!D59 -> 215.23 | E37: 0 | F37: 0 | G37: =E37+F37 -> 0 | H37: =IF(D37>0, G37/D37, 0) -> 0 | I37: =D37-G37 -> 215.23 | J37: 0 | K37: =F37*J37 -> 0
A38: =MAPA_OBRA_707!A62 -> 4.3.3 | B38: =MAPA_OBRA_707!B62 -> Paredes da Piscina da Cobertura | C38: =MAPA_OBRA_707!C62 -> 0
A39: =MAPA_OBRA_707!A63 -> 0 | B39: =MAPA_OBRA_707!B63 -> Betão - Aplicação e Vibração | C39: =MAPA_OBRA_707!C63 -> m3 | D39: =MAPA_OBRA_707!D63 -> 29.76 | E39: 0 | F39: 0 | G39: =E39+F39 -> 0 | H39: =IF(D39>0, G39/D39, 0) -> 0 | I39: =D39-G39 -> 29.76 | J39: 0 | K39: =F39*J39 -> 0
A40: =MAPA_OBRA_707!A66 -> 4.4 | B40: =MAPA_OBRA_707!B66 -> Pavimento Térreos / Ground Floors | C40: =MAPA_OBRA_707!C66 -> 0
A41: =MAPA_OBRA_707!A67 -> 4.4.1 | B41: =MAPA_OBRA_707!B67 -> Piso da Cave / Basement Level | C41: =MAPA_OBRA_707!C67 -> 0
A42: =MAPA_OBRA_707!A68 -> 4.4.1.1 | B42: =MAPA_OBRA_707!B68 -> Execução de piso térreo interior, composto por elementos em polipropileno tipo 'Ferca Cupolex ref. H20' ou equivalente, com dimensão de 580x580x200, com 0,05cm de lâmina de compressão em concreto classe C20/25, armado com A500 aço NR, incluindo acabamento jateado com o incorporação de um endurecedor de superfície de cor natural no betão | C42: =MAPA_OBRA_707!C68 -> 0
A43: =MAPA_OBRA_707!A69 -> 4.1.1.1 | B43: =MAPA_OBRA_707!B69 -> Betão de Limpeza / Cleaning concrete | C43: =MAPA_OBRA_707!C69 -> m3 | D43: =MAPA_OBRA_707!D69 -> 108.75 | E43: 0 | F43: 0 | G43: =E43+F43 -> 0 | H43: =IF(D43>0, G43/D43, 0) -> 0 | I43: =D43-G43 -> 108.75 | J43: 0 | K43: =F43*J43 -> 0
A44: =MAPA_OBRA_707!A71 -> 4.1.1.3 | B44: =MAPA_OBRA_707!B71 -> Lâmina de compressão em betão C20/25 XC2 C0,40 D22 S3 | C44: =MAPA_OBRA_707!C71 -> m3 | D44: =MAPA_OBRA_707!D71 -> 108.75 | E44: 0 | F44: 0 | G44: =E44+F44 -> 0 | H44: =IF(D44>0, G44/D44, 0) -> 0 | I44: =D44-G44 -> 108.75 | J44: 0 | K44: =F44*J44 -> 0
A45: TOTAL | K45: =SUM(K6:K44) -> 0

Sheet SUB_ESPECIAIS
A1: AUTO DE MEDIÇÃO MENSAL — SUBEMPREITEIRO DE PISOS ESPECIAIS — 707_VILA_MODERNA
A2: OBRA: | B2: 707_Vila_Moderna | D2: SUBEMPREITEIRO: | E2: Subempreiteiro de Pisos Especiais | H2: AUTO N.º: | I2: 01
A3: DONO DE OBRA: | B3: NORASIL S.A. | D3: ESPECIALIDADE: | E3: Módulos Cobiax e Piso Térreo Cupolex | H3: DATA: | I3: 30/09/2026
A5: Artº | B5: Designação de Trabalhos | C5: Un. | D5: Quant. Contrato | E5: Qtd. Anterior | F5: Qtd. no Mês | G5: Qtd. Acumulada | H5: % Execução | I5: Saldo a Executar | J5: P.U. (€) | K5: Valor no Mês (€)
A6: =MAPA_OBRA_707!A2 -> 4.1 | B6: =MAPA_OBRA_707!B2 -> Betão de Limpeza / Cleaning concrete | C6: =MAPA_OBRA_707!C2 -> 0
A7: =MAPA_OBRA_707!A4 -> 4.2 | B7: =MAPA_OBRA_707!B4 -> Fundações / Foundations | C7: =MAPA_OBRA_707!C4 -> 0
A8: =MAPA_OBRA_707!A5 -> 4.2.1 | B8: =MAPA_OBRA_707!B5 -> Fornecimento e colocação de betão armado C30/37 XC2 0,40 Dmáx 22 S3 , em sapatas de muros e paredes, incluindo o fornecimento, aplicação e desmontagem de cofragem e o fornecimento, moldagem e aplicação de aço A500NR. Todos os trabalhos deverão ser executados de acordo com as peças desenhadas: | C8: =MAPA_OBRA_707!C5 -> 0
A9: =MAPA_OBRA_707!A6 -> 4.2.1.1 | B9: =MAPA_OBRA_707!B6 -> Sapatas Isoladas / Isolated Foundations (90 kg/m3) | C9: =MAPA_OBRA_707!C6 -> 0
A10: =MAPA_OBRA_707!A10 -> 4.2.1.2 | B10: =MAPA_OBRA_707!B10 -> Sapatas Contínuas / Continuous Foundations (110 kg/m3) | C10: =MAPA_OBRA_707!C10 -> 0
A11: =MAPA_OBRA_707!A14 -> 4.2.1.3 | B11: =MAPA_OBRA_707!B14 -> Vigas de Fundação / Beams of Foundations (115 kg/m3) | C11: =MAPA_OBRA_707!C14 -> 0
A12: =MAPA_OBRA_707!A18 -> 4.3 | B12: =MAPA_OBRA_707!B18 -> Superestrutura / Superstructure | C12: =MAPA_OBRA_707!C18 -> 0
A13: =MAPA_OBRA_707!A19 -> 4.3.1 | B13: =MAPA_OBRA_707!B19 -> Fornecimento e colocação de betão armado C30/37 XC1 Cl 0,20 Dmáx 20 S3 , em Muros, pilares, paredes, vigas e lajes, incluindo o fornecimento, aplicação e desmontagem de cofragem e o fornecimento, moldagem e aplicação de aço A500NR com a referida taxa de armaduras. Todos os trabalhos deverão ser executados de acordo com as peças desenhadas: | C13: =MAPA_OBRA_707!C19 -> 0
A14: =MAPA_OBRA_707!A20 -> 4.3.1.1 | B14: =MAPA_OBRA_707!B20 -> Muros Enterrados / Buried Walls (115 kg/m3) | C14: =MAPA_OBRA_707!C20 -> 0
A15: =MAPA_OBRA_707!A24 -> 4.3.1.2 | B15: =MAPA_OBRA_707!B24 -> Pilares / Columns (290 kg/m3) | C15: =MAPA_OBRA_707!C24 -> 0
A16: =MAPA_OBRA_707!A28 -> 4.3.1.3 | B16: =MAPA_OBRA_707!B28 -> Paredes / Walls (200 kg/m3) | C16: =MAPA_OBRA_707!C28 -> 0
A17: =MAPA_OBRA_707!A32 -> 4.3.1.3 A | B17: =MAPA_OBRA_707!B32 -> Núcleos do Elevador / Elevator Shaft (200 kg/m3) | C17: =MAPA_OBRA_707!C32 -> 0
A18: =MAPA_OBRA_707!A36 -> 4.3.1.4 | B18: =MAPA_OBRA_707!B36 -> Vigas / Beams (150 kg/m3) | C18: =MAPA_OBRA_707!C36 -> 0
A19: =MAPA_OBRA_707!A40 -> 4.3.1.5 | B19: =MAPA_OBRA_707!B40 -> Lajes Maciças / Massive Slabs (120 kg/m3) | C19: =MAPA_OBRA_707!C40 -> 0
A20: =MAPA_OBRA_707!A44 -> 4.3.1.6 | B20: =MAPA_OBRA_707!B44 -> Escadas / Stairs (80 kg/m3) | C20: =MAPA_OBRA_707!C44 -> 0
A21: =MAPA_OBRA_707!A48 -> 4.3.1.7 | B21: =MAPA_OBRA_707!B48 -> Fornecimento e aplicação de lajes aligeiradas fabricadas com sistema Cobiax CBX S-120 da Ferca ou similar, composto por material reciclado tipo Cobiax Slim-Line módulos de iluminação em polipropileno com altura de 0,23m, preenchido com betão classe C30/37, fôrma , reforço de haste de aço A500NR (125 kg/m3) | C21: =MAPA_OBRA_707!C48 -> 0
A22: =MAPA_OBRA_707!A52 -> 0 | B22: =MAPA_OBRA_707!B52 -> Aplicação Moldes CBX | C22: =MAPA_OBRA_707!C52 -> m2 | D22: =MAPA_OBRA_707!D52 -> 2723.06 | E22: 0 | F22: 0 | G22: =E22+F22 -> 0 | H22: =IF(D22>0, G22/D22, 0) -> 0 | I22: =D22-G22 -> 2723.06 | J22: 0 | K22: =F22*J22 -> 0
A23: =MAPA_OBRA_707!A53 -> 4.3.2 | B23: =MAPA_OBRA_707!B53 -> Fornecimento e colocação de betão armado C30/37 XD2 Cl 0,20 Dmáx 20 S3 , em lajes e paredes da piscina, incluindo o fornecimento, aplicação e desmontagem de cofragem e o fornecimento, moldagem e aplicação de aço A500NR. Todos os trabalhos deverão ser executados de acordo com as peças desenhadas: | C23: =MAPA_OBRA_707!C53 -> 0
A24: =MAPA_OBRA_707!A54 -> 4.3.1 | B24: =MAPA_OBRA_707!B54 -> Laje de Fundo de Piscina do Piso 0 / Pool Bottom Slab of Leve 0 | C24: =MAPA_OBRA_707!C54 -> 0
