Workbook

Sheet Resumo
B2: RESUMO DE QUANTITATIVOS
B4: TOTAIS GERAIS
B5: Volume total de betao (m3) | D5: =SUM('Mapa de Pilares'!J6:J18) -> 0
B6: Area total de cofragem (m2) | D6: =SUM('Mapa de Pilares'!AF6:AF18) -> 0
B7: Peso total de aco longitudinal (kg) | D7: =SUM('Mapa de Pilares'!AD6:AD18) -> 235.9951
B8: Peso total de aco em cintas (kg) | D8: =SUM('Mapa de Pilares'!AC6:AC18) -> 0
B9: Peso total de aco (kg) | D9: =SUM('Mapa de Pilares'!AE6:AE18) -> 235.9951
B10: Peso total de aco (toneladas) | D10: =SUM('Mapa de Pilares'!AE6:AE18)/1000 -> 0.2359951
B12: ACO POR DIAMETRO (para compra / cabimentacao)
B13: Diametro (mm) | C13: Peso longitudinal (kg) | D13: Peso em cintas (kg) | E13: Peso total (kg)
B14: 8 | C14: =SUMIF('Mapa de Pilares'!$L$6:$L$18,B14,'Mapa de Pilares'!$Q$6:$Q$18)+SUMIF('Mapa de Pilares'!$S$6:$S$18,B14,'Mapa de Pilares'!$X$6:$X$18) -> 0 | D14: =SUMIF('Mapa de Pilares'!$Y$6:$Y$18,B14,'Mapa de Pilares'!$AC$6:$AC$18) -> 0 | E14: =C14+D14 -> 0
B15: 10 | C15: =SUMIF('Mapa de Pilares'!$L$6:$L$18,B15,'Mapa de Pilares'!$Q$6:$Q$18)+SUMIF('Mapa de Pilares'!$S$6:$S$18,B15,'Mapa de Pilares'!$X$6:$X$18) -> 4.319 | D15: =SUMIF('Mapa de Pilares'!$Y$6:$Y$18,B15,'Mapa de Pilares'!$AC$6:$AC$18) -> 0 | E15: =C15+D15 -> 4.319
B16: 12 | C16: =SUMIF('Mapa de Pilares'!$L$6:$L$18,B16,'Mapa de Pilares'!$Q$6:$Q$18)+SUMIF('Mapa de Pilares'!$S$6:$S$18,B16,'Mapa de Pilares'!$X$6:$X$18) -> 26.6544 | D16: =SUMIF('Mapa de Pilares'!$Y$6:$Y$18,B16,'Mapa de Pilares'!$AC$6:$AC$18) -> 0 | E16: =C16+D16 -> 26.6544
B17: 16 | C17: =SUMIF('Mapa de Pilares'!$L$6:$L$18,B17,'Mapa de Pilares'!$Q$6:$Q$18)+SUMIF('Mapa de Pilares'!$S$6:$S$18,B17,'Mapa de Pilares'!$X$6:$X$18) -> 165.5337 | D17: =SUMIF('Mapa de Pilares'!$Y$6:$Y$18,B17,'Mapa de Pilares'!$AC$6:$AC$18) -> 0 | E17: =C17+D17 -> 165.5337
B18: 20 | C18: =SUMIF('Mapa de Pilares'!$L$6:$L$18,B18,'Mapa de Pilares'!$Q$6:$Q$18)+SUMIF('Mapa de Pilares'!$S$6:$S$18,B18,'Mapa de Pilares'!$X$6:$X$18) -> 39.488 | D18: =SUMIF('Mapa de Pilares'!$Y$6:$Y$18,B18,'Mapa de Pilares'!$AC$6:$AC$18) -> 0 | E18: =C18+D18 -> 39.488
B19: 25 | C19: =SUMIF('Mapa de Pilares'!$L$6:$L$18,B19,'Mapa de Pilares'!$Q$6:$Q$18)+SUMIF('Mapa de Pilares'!$S$6:$S$18,B19,'Mapa de Pilares'!$X$6:$X$18) -> 0 | D19: =SUMIF('Mapa de Pilares'!$Y$6:$Y$18,B19,'Mapa de Pilares'!$AC$6:$AC$18) -> 0 | E19: =C19+D19 -> 0
B20: TOTAL | C20: =SUM(C14:C19) -> 235.9951 | D20: =SUM(D14:D19) -> 0 | E20: =SUM(E14:E19) -> 235.9951
B22: QUANTITATIVO POR PILAR (soma dos trocos)
B23: Pilar | C23: Volume betao (m3) | D23: Area cofragem (m2) | E23: Peso aco (kg)
B24: P1 | C24: =SUMIF('Mapa de Pilares'!$A$6:$A$18,B24,'Mapa de Pilares'!$J$6:$J$18) -> 0 | D24: =SUMIF('Mapa de Pilares'!$A$6:$A$18,B24,'Mapa de Pilares'!$AF$6:$AF$18) -> 0 | E24: =SUMIF('Mapa de Pilares'!$A$6:$A$18,B24,'Mapa de Pilares'!$AE$6:$AE$18) -> 12.912576
B25: P2 | C25: =SUMIF('Mapa de Pilares'!$A$6:$A$18,B25,'Mapa de Pilares'!$J$6:$J$18) -> 0 | D25: =SUMIF('Mapa de Pilares'!$A$6:$A$18,B25,'Mapa de Pilares'!$AF$6:$AF$18) -> 0 | E25: =SUMIF('Mapa de Pilares'!$A$6:$A$18,B25,'Mapa de Pilares'!$AE$6:$AE$18) -> 35.381248
B26: P3 | C26: =SUMIF('Mapa de Pilares'!$A$6:$A$18,B26,'Mapa de Pilares'!$J$6:$J$18) -> 0 | D26: =SUMIF('Mapa de Pilares'!$A$6:$A$18,B26,'Mapa de Pilares'!$AF$6:$AF$18) -> 0 | E26: =SUMIF('Mapa de Pilares'!$A$6:$A$18,B26,'Mapa de Pilares'!$AE$6:$AE$18) -> 10.780224
B27: P4 | C27: =SUMIF('Mapa de Pilares'!$A$6:$A$18,B27,'Mapa de Pilares'!$J$6:$J$18) -> 0 | D27: =SUMIF('Mapa de Pilares'!$A$6:$A$18,B27,'Mapa de Pilares'!$AF$6:$AF$18) -> 0 | E27: =SUMIF('Mapa de Pilares'!$A$6:$A$18,B27,'Mapa de Pilares'!$AE$6:$AE$18) -> 10.780224
B28: P5 | C28: =SUMIF('Mapa de Pilares'!$A$6:$A$18,B28,'Mapa de Pilares'!$J$6:$J$18) -> 0 | D28: =SUMIF('Mapa de Pilares'!$A$6:$A$18,B28,'Mapa de Pilares'!$AF$6:$AF$18) -> 0 | E28: =SUMIF('Mapa de Pilares'!$A$6:$A$18,B28,'Mapa de Pilares'!$AE$6:$AE$18) -> 10.780224
B29: P6 | C29: =SUMIF('Mapa de Pilares'!$A$6:$A$18,B29,'Mapa de Pilares'!$J$6:$J$18) -> 0 | D29: =SUMIF('Mapa de Pilares'!$A$6:$A$18,B29,'Mapa de Pilares'!$AF$6:$AF$18) -> 0 | E29: =SUMIF('Mapa de Pilares'!$A$6:$A$18,B29,'Mapa de Pilares'!$AE$6:$AE$18) -> 49.596928
B30: P7 | C30: =SUMIF('Mapa de Pilares'!$A$6:$A$18,B30,'Mapa de Pilares'!$J$6:$J$18) -> 0 | D30: =SUMIF('Mapa de Pilares'!$A$6:$A$18,B30,'Mapa de Pilares'!$AF$6:$AF$18) -> 0 | E30: =SUMIF('Mapa de Pilares'!$A$6:$A$18,B30,'Mapa de Pilares'!$AE$6:$AE$18) -> 21.481472
B31: P8 | C31: =SUMIF('Mapa de Pilares'!$A$6:$A$18,B31,'Mapa de Pilares'!$J$6:$J$18) -> 0 | D31: =SUMIF('Mapa de Pilares'!$A$6:$A$18,B31,'Mapa de Pilares'!$AF$6:$AF$18) -> 0 | E31: =SUMIF('Mapa de Pilares'!$A$6:$A$18,B31,'Mapa de Pilares'!$AE$6:$AE$18) -> 12.912576
B32: P9 | C32: =SUMIF('Mapa de Pilares'!$A$6:$A$18,B32,'Mapa de Pilares'!$J$6:$J$18) -> 0 | D32: =SUMIF('Mapa de Pilares'!$A$6:$A$18,B32,'Mapa de Pilares'!$AF$6:$AF$18) -> 0 | E32: =SUMIF('Mapa de Pilares'!$A$6:$A$18,B32,'Mapa de Pilares'!$AE$6:$AE$18) -> 24.536856
B33: P10 | C33: =SUMIF('Mapa de Pilares'!$A$6:$A$18,B33,'Mapa de Pilares'!$J$6:$J$18) -> 0 | D33: =SUMIF('Mapa de Pilares'!$A$6:$A$18,B33,'Mapa de Pilares'!$AF$6:$AF$18) -> 0 | E33: =SUMIF('Mapa de Pilares'!$A$6:$A$18,B33,'Mapa de Pilares'!$AE$6:$AE$18) -> 30.326784
B34: P11 | C34: =SUMIF('Mapa de Pilares'!$A$6:$A$18,B34,'Mapa de Pilares'!$J$6:$J$18) -> 0 | D34: =SUMIF('Mapa de Pilares'!$A$6:$A$18,B34,'Mapa de Pilares'!$AF$6:$AF$18) -> 0 | E34: =SUMIF('Mapa de Pilares'!$A$6:$A$18,B34,'Mapa de Pilares'!$AE$6:$AE$18) -> 16.505984
B35: TOTAL | C35: =SUM(C24:C34) -> 0 | D35: =SUM(D24:D34) -> 0 | E35: =SUM(E24:E34) -> 235.9951

Sheet Mapa de Pilares
A1: QUANTITATIVOS DE PILARES - ACO, BETAO E COFRAGEM
A2: Obra: Edificio Multifamiliar PH, Garrao | Desenho base: Mapa de Pilares, Ferca, Proc. L-337/21, Des. 05, Rev.- | Fase: Execucao
A4: IDENTIFICACAO | C4: GEOMETRIA DA SECCAO | F4: BETAO E COFRAGEM | K4: ARMADURA LONGITUDINAL - GRUPO 1 | R4: ARMADURA LONGITUDINAL - GRUPO 2 | Y4: CINTAS / ESTRIBOS | AD4: TOTAIS DO TROCO
A5: Pilar | B5: Troco (entre pisos) | C5: Forma | D5: B ou Ø (m) | E5: H (m) | F5: Area seccao (m2) | G5: Perimetro (m) | H5: Altura do troco (m) | I5: Classe de betao | J5: Volume de betao (m3) | K5: Qtd varoes | L5: Diam. (mm) | M5: Transpasse unit. (m) | N5: Comp. unit. c/ transp. (m) | O5: Comp. total (m) | P5: Peso linear (kg/m) | Q5: Peso Grupo 1 (kg) | R5: Qtd varoes | S5: Diam. (mm) | T5: Transpasse unit. (m) | U5: Comp. unit. c/ transp. (m) | V5: Comp. total (m) | W5: Peso linear (kg/m) | X5: Peso Grupo 2 (kg) | Y5: Diam. cinta (mm) | Z5: Espacamento (m) | AA5: Nº de cintas | AB5: Comp. por cinta (m) | AC5: Peso cintas (kg) | AD5: Peso aco longitudinal (kg) | AE5: Peso aco total (kg) | AF5: Area cofragem (m2)
A6: P1 | B6: Piso 0 -> Piso 1 | C6: Retangular | D6: 0.3 | E6: 0.6 | F6: =IF(C6="Circular",PI()*(D6/2)^2,D6*E6) -> 0.18 | G6: =IF(C6="Circular",PI()*D6,2*(D6+E6)) -> 1.8 | H6: 0 | I6: C30/37 XC1(P) | J6: =F6*H6*(1+Parametros!$C$12) -> 0 | K6: 6 | L6: 16 | M6: =IF(K6=0,0,Parametros!$C$7*L6/1000) -> 0.8 | N6: =H6+M6 -> 0.8 | O6: =K6*N6 -> 4.8 | P6: =0.00617*L6^2 -> 1.57952 | Q6: =K6*N6*P6*(1+Parametros!$C$13) -> 7.581696 | R6: 10 | S6: 12 | T6: =IF(R6=0,0,Parametros!$C$7*S6/1000) -> 0.6 | U6: =H6+T6 -> 0.6 | V6: =R6*U6 -> 6 | W6: =IF(S6=0,0,0.00617*S6^2) -> 0.88848 | X6: =R6*U6*W6*(1+Parametros!$C$13) -> 5.33088 | Y6: 8 | Z6: 0.2 | AA6: =IF(H6=0,0,ROUNDUP(H6/Z6,0)+1) -> 0 | AB6: =IF(C6="Circular",PI()*(D6-2*Parametros!$C$5)+Parametros!$C$9*Parametros!$C$8*Y6/1000,2*((D6-2*Parametros!$C$5)+(E6-2*Parametros!$C$5))+Parametros!$C$9*Parametros!$C$8*Y6/1000) -> 1.72 | AC6: =AA6*AB6*0.00617*Y6^2*(1+Parametros!$C$13) -> 0 | AD6: =Q6+X6 -> 12.912576 | AE6: =AD6+AC6 -> 12.912576 | AF6: =G6*H6 -> 0
A7: P2 | B7: Fundacao -> Piso 0 | C7: Retangular | D7: 0.4 | E7: 0.7 | F7: =IF(C7="Circular",PI()*(D7/2)^2,D7*E7) -> 0.28 | G7: =IF(C7="Circular",PI()*D7,2*(D7+E7)) -> 2.2 | H7: 0 | I7: C30/37 XC2(P) | J7: =F7*H7*(1+Parametros!$C$12) -> 0 | K7: 28 | L7: 16 | M7: =IF(K7=0,0,Parametros!$C$7*L7/1000) -> 0.8 | N7: =H7+M7 -> 0.8 | O7: =K7*N7 -> 22.4 | P7: =0.00617*L7^2 -> 1.57952 | Q7: =K7*N7*P7*(1+Parametros!$C$13) -> 35.381248 | R7: 0 | S7: 0 | T7: =IF(R7=0,0,Parametros!$C$7*S7/1000) -> 0 | U7: =H7+T7 -> 0 | V7: =R7*U7 -> 0 | W7: =IF(S7=0,0,0.00617*S7^2) -> 0 | X7: =R7*U7*W7*(1+Parametros!$C$13) -> 0 | Y7: 8 | Z7: 0.2 | AA7: =IF(H7=0,0,ROUNDUP(H7/Z7,0)+1) -> 0 | AB7: =IF(C7="Circular",PI()*(D7-2*Parametros!$C$5)+Parametros!$C$9*Parametros!$C$8*Y7/1000,2*((D7-2*Parametros!$C$5)+(E7-2*Parametros!$C$5))+Parametros!$C$9*Parametros!$C$8*Y7/1000) -> 2.12 | AC7: =AA7*AB7*0.00617*Y7^2*(1+Parametros!$C$13) -> 0 | AD7: =Q7+X7 -> 35.381248 | AE7: =AD7+AC7 -> 35.381248 | AF7: =G7*H7 -> 0
A8: P3 | B8: Fundacao -> Piso 0 | C8: Retangular | D8: 0.4 | E8: 0.2 | F8: =IF(C8="Circular",PI()*(D8/2)^2,D8*E8) -> 0.08 | G8: =IF(C8="Circular",PI()*D8,2*(D8+E8)) -> 1.2 | H8: 0 | I8: C30/37 XC2(P) | J8: =F8*H8*(1+Parametros!$C$12) -> 0 | K8: 6 | L8: 16 | M8: =IF(K8=0,0,Parametros!$C$7*L8/1000) -> 0.8 | N8: =H8+M8 -> 0.8 | O8: =K8*N8 -> 4.8 | P8: =0.00617*L8^2 -> 1.57952 | Q8: =K8*N8*P8*(1+Parametros!$C$13) -> 7.581696 | R8: 6 | S8: 12 | T8: =IF(R8=0,0,Parametros!$C$7*S8/1000) -> 0.6 | U8: =H8+T8 -> 0.6 | V8: =R8*U8 -> 3.6 | W8: =IF(S8=0,0,0.00617*S8^2) -> 0.88848 | X8: =R8*U8*W8*(1+Parametros!$C$13) -> 3.198528 | Y8: 8 | Z8: 0.2 | AA8: =IF(H8=0,0,ROUNDUP(H8/Z8,0)+1) -> 0 | AB8: =IF(C8="Circular",PI()*(D8-2*Parametros!$C$5)+Parametros!$C$9*Parametros!$C$8*Y8/1000,2*((D8-2*Parametros!$C$5)+(E8-2*Parametros!$C$5))+Parametros!$C$9*Parametros!$C$8*Y8/1000) -> 1.12 | AC8: =AA8*AB8*0.00617*Y8^2*(1+Parametros!$C$13) -> 0 | AD8: =Q8+X8 -> 10.780224 | AE8: =AD8+AC8 -> 10.780224 | AF8: =G8*H8 -> 0
A9: P4 | B9: Piso 0 -> Piso 1 | C9: Retangular | D9: 0.2 | E9: 0.4 | F9: =IF(C9="Circular",PI()*(D9/2)^2,D9*E9) -> 0.08 | G9: =IF(C9="Circular",PI()*D9,2*(D9+E9)) -> 1.2 | H9: 0 | I9: C30/37 XC1(P) | J9: =F9*H9*(1+Parametros!$C$12) -> 0 | K9: 6 | L9: 16 | M9: =IF(K9=0,0,Parametros!$C$7*L9/1000) -> 0.8 | N9: =H9+M9 -> 0.8 | O9: =K9*N9 -> 4.8 | P9: =0.00617*L9^2 -> 1.57952 | Q9: =K9*N9*P9*(1+Parametros!$C$13) -> 7.581696 | R9: 6 | S9: 12 | T9: =IF(R9=0,0,Parametros!$C$7*S9/1000) -> 0.6 | U9: =H9+T9 -> 0.6 | V9: =R9*U9 -> 3.6 | W9: =IF(S9=0,0,0.00617*S9^2) -> 0.88848 | X9: =R9*U9*W9*(1+Parametros!$C$13) -> 3.198528 | Y9: 8 | Z9: 0.2 | AA9: =IF(H9=0,0,ROUNDUP(H9/Z9,0)+1) -> 0 | AB9: =IF(C9="Circular",PI()*(D9-2*Parametros!$C$5)+Parametros!$C$9*Parametros!$C$8*Y9/1000,2*((D9-2*Parametros!$C$5)+(E9-2*Parametros!$C$5))+Parametros!$C$9*Parametros!$C$8*Y9/1000) -> 1.12 | AC9: =AA9*AB9*0.00617*Y9^2*(1+Parametros!$C$13) -> 0 | AD9: =Q9+X9 -> 10.780224 | AE9: =AD9+AC9 -> 10.780224 | AF9: =G9*H9 -> 0
A10: P5 | B10: Piso 0 -> Piso 1 | C10: Retangular | D10: 0.2 | E10: 0.4 | F10: =IF(C10="Circular",PI()*(D10/2)^2,D10*E10) -> 0.08 | G10: =IF(C10="Circular",PI()*D10,2*(D10+E10)) -> 1.2 | H10: 0 | I10: C30/37 XC1(P) | J10: =F10*H10*(1+Parametros!$C$12) -> 0 | K10: 6 | L10: 16 | M10: =IF(K10=0,0,Parametros!$C$7*L10/1000) -> 0.8 | N10: =H10+M10 -> 0.8 | O10: =K10*N10 -> 4.8 | P10: =0.00617*L10^2 -> 1.57952 | Q10: =K10*N10*P10*(1+Parametros!$C$13) -> 7.581696 | R10: 6 | S10: 12 | T10: =IF(R10=0,0,Parametros!$C$7*S10/1000) -> 0.6 | U10: =H10+T10 -> 0.6 | V10: =R10*U10 -> 3.6 | W10: =IF(S10=0,0,0.00617*S10^2) -> 0.88848 | X10: =R10*U10*W10*(1+Parametros!$C$13) -> 3.198528 | Y10: 8 | Z10: 0.2 | AA10: =IF(H10=0,0,ROUNDUP(H10/Z10,0)+1) -> 0 | AB10: =IF(C10="Circular",PI()*(D10-2*Parametros!$C$5)+Parametros!$C$9*Parametros!$C$8*Y10/1000,2*((D10-2*Parametros!$C$5)+(E10-2*Parametros!$C$5))+Parametros!$C$9*Parametros!$C$8*Y10/1000) -> 1.12 | AC10: =AA10*AB10*0.00617*Y10^2*(1+Parametros!$C$13) -> 0 | AD10: =Q10+X10 -> 10.780224 | AE10: =AD10+AC10 -> 10.780224 | AF10: =G10*H10 -> 0
A11: P6 | B11: Fundacao -> Piso 0 | C11: Retangular | D11: 0.3 | E11: 0.3 | F11: =IF(C11="Circular",PI()*(D11/2)^2,D11*E11) -> 0.09 | G11: =IF(C11="Circular",PI()*D11,2*(D11+E11)) -> 1.2 | H11: 0 | I11: C30/37 XC2(P) | J11: =F11*H11*(1+Parametros!$C$12) -> 0 | K11: 8 | L11: 20 | M11: =IF(K11=0,0,Parametros!$C$7*L11/1000) -> 1 | N11: =H11+M11 -> 1 | O11: =K11*N11 -> 8 | P11: =0.00617*L11^2 -> 2.468 | Q11: =K11*N11*P11*(1+Parametros!$C$13) -> 19.744 | R11: 4 | S11: 16 | T11: =IF(R11=0,0,Parametros!$C$7*S11/1000) -> 0.8 | U11: =H11+T11 -> 0.8 | V11: =R11*U11 -> 3.2 | W11: =IF(S11=0,0,0.00617*S11^2) -> 1.57952 | X11: =R11*U11*W11*(1+Parametros!$C$13) -> 5.054464 | Y11: 8 | Z11: 0.2 | AA11: =IF(H11=0,0,ROUNDUP(H11/Z11,0)+1) -> 0 | AB11: =IF(C11="Circular",PI()*(D11-2*Parametros!$C$5)+Parametros!$C$9*Parametros!$C$8*Y11/1000,2*((D11-2*Parametros!$C$5)+(E11-2*Parametros!$C$5))+Parametros!$C$9*Parametros!$C$8*Y11/1000) -> 1.12 | AC11: =AA11*AB11*0.00617*Y11^2*(1+Parametros!$C$13) -> 0 | AD11: =Q11+X11 -> 24.798464 | AE11: =AD11+AC11 -> 24.798464 | AF11: =G11*H11 -> 0
A12: P6 | B12: Piso 0 -> Piso 1 | C12: Retangular | D12: 0.3 | E12: 0.3 | F12: =IF(C12="Circular",PI()*(D12/2)^2,D12*E12) -> 0.09 | G12: =IF(C12="Circular",PI()*D12,2*(D12+E12)) -> 1.2 | H12: 0 | I12: C30/37 XC1(P) | J12: =F12*H12*(1+Parametros!$C$12) -> 0 | K12: 8 | L12: 20 | M12: =IF(K12=0,0,Parametros!$C$7*L12/1000) -> 1 | N12: =H12+M12 -> 1 | O12: =K12*N12 -> 8 | P12: =0.00617*L12^2 -> 2.468 | Q12: =K12*N12*P12*(1+Parametros!$C$13) -> 19.744 | R12: 4 | S12: 16 | T12: =IF(R12=0,0,Parametros!$C$7*S12/1000) -> 0.8 | U12: =H12+T12 -> 0.8 | V12: =R12*U12 -> 3.2 | W12: =IF(S12=0,0,0.00617*S12^2) -> 1.57952 | X12: =R12*U12*W12*(1+Parametros!$C$13) -> 5.054464 | Y12: 8 | Z12: 0.2 | AA12: =IF(H12=0,0,ROUNDUP(H12/Z12,0)+1) -> 0 | AB12: =IF(C12="Circular",PI()*(D12-2*Parametros!$C$5)+Parametros!$C$9*Parametros!$C$8*Y12/1000,2*((D12-2*Parametros!$C$5)+(E12-2*Parametros!$C$5))+Parametros!$C$9*Parametros!$C$8*Y12/1000) -> 1.12 | AC12: =AA12*AB12*0.00617*Y12^2*(1+Parametros!$C$13) -> 0 | AD12: =Q12+X12 -> 24.798464 | AE12: =AD12+AC12 -> 24.798464 | AF12: =G12*H12 -> 0
A13: P7 | B13: Fundacao -> Piso 0 | C13: Retangular | D13: 0.5 | E13: 0.3 | F13: =IF(C13="Circular",PI()*(D13/2)^2,D13*E13) -> 0.15 | G13: =IF(C13="Circular",PI()*D13,2*(D13+E13)) -> 1.6 | H13: 0 | I13: C30/37 XC2(P) | J13: =F13*H13*(1+Parametros!$C$12) -> 0 | K13: 10 | L13: 16 | M13: =IF(K13=0,0,Parametros!$C$7*L13/1000) -> 0.8 | N13: =H13+M13 -> 0.8 | O13: =K13*N13 -> 8 | P13: =0.00617*L13^2 -> 1.57952 | Q13: =K13*N13*P13*(1+Parametros!$C$13) -> 12.63616 | R13: 0 | S13: 0 | T13: =IF(R13=0,0,Parametros!$C$7*S13/1000) -> 0 | U13: =H13+T13 -> 0 | V13: =R13*U13 -> 0 | W13: =IF(S13=0,0,0.00617*S13^2) -> 0 | X13: =R13*U13*W13*(1+Parametros!$C$13) -> 0 | Y13: 8 | Z13: 0.2 | AA13: =IF(H13=0,0,ROUNDUP(H13/Z13,0)+1) -> 0 | AB13: =IF(C13="Circular",PI()*(D13-2*Parametros!$C$5)+Parametros!$C$9*Parametros!$C$8*Y13/1000,2*((D13-2*Parametros!$C$5)+(E13-2*Parametros!$C$5))+Parametros!$C$9*Parametros!$C$8*Y13/1000) -> 1.52 | AC13: =AA13*AB13*0.00617*Y13^2*(1+Parametros!$C$13) -> 0 | AD13: =Q13+X13 -> 12.63616 | AE13: =AD13+AC13 -> 12.63616 | AF13: =G13*H13 -> 0
A14: P7 | B14: Piso 0 -> Piso 1 | C14: Circular | D14: 0.3 | F14: =IF(C14="Circular",PI()*(D14/2)^2,D14*E14) -> 0.070685835 | G14: =IF(C14="Circular",PI()*D14,2*(D14+E14)) -> 0.9424778 | H14: 0 | I14: C30/37 XC1(P) | J14: =F14*H14*(1+Parametros!$C$12) -> 0 | K14: 7 | L14: 16 | M14: =IF(K14=0,0,Parametros!$C$7*L14/1000) -> 0.8 | N14: =H14+M14 -> 0.8 | O14: =K14*N14 -> 5.6 | P14: =0.00617*L14^2 -> 1.57952 | Q14: =K14*N14*P14*(1+Parametros!$C$13) -> 8.845312 | R14: 0 | S14: 0 | T14: =IF(R14=0,0,Parametros!$C$7*S14/1000) -> 0 | U14: =H14+T14 -> 0 | V14: =R14*U14 -> 0 | W14: =IF(S14=0,0,0.00617*S14^2) -> 0 | X14: =R14*U14*W14*(1+Parametros!$C$13) -> 0 | Y14: 8 | Z14: 0.2 | AA14: =IF(H14=0,0,ROUNDUP(H14/Z14,0)+1) -> 0 | AB14: =IF(C14="Circular",PI()*(D14-2*Parametros!$C$5)+Parametros!$C$9*Parametros!$C$8*Y14/1000,2*((D14-2*Parametros!$C$5)+(E14-2*Parametros!$C$5))+Parametros!$C$9*Parametros!$C$8*Y14/1000) -> 0.91398224 | AC14: =AA14*AB14*0.00617*Y14^2*(1+Parametros!$C$13) -> 0 | AD14: =Q14+X14 -> 8.845312 | AE14: =AD14+AC14 -> 8.845312 | AF14: =G14*H14 -> 0
A15: P8 | B15: Piso 0 -> Piso 1 | C15: Retangular | D15: 0.3 | E15: 0.6 | F15: =IF(C15="Circular",PI()*(D15/2)^2,D15*E15) -> 0.18 | G15: =IF(C15="Circular",PI()*D15,2*(D15+E15)) -> 1.8 | H15: 0 | I15: C30/37 XC1(P) | J15: =F15*H15*(1+Parametros!$C$12) -> 0 | K15: 6 | L15: 16 | M15: =IF(K15=0,0,Parametros!$C$7*L15/1000) -> 0.8 | N15: =H15+M15 -> 0.8 | O15: =K15*N15 -> 4.8 | P15: =0.00617*L15^2 -> 1.57952 | Q15: =K15*N15*P15*(1+Parametros!$C$13) -> 7.581696 | R15: 10 | S15: 12 | T15: =IF(R15=0,0,Parametros!$C$7*S15/1000) -> 0.6 | U15: =H15+T15 -> 0.6 | V15: =R15*U15 -> 6 | W15: =IF(S15=0,0,0.00617*S15^2) -> 0.88848 | X15: =R15*U15*W15*(1+Parametros!$C$13) -> 5.33088 | Y15: 8 | Z15: 0.2 | AA15: =IF(H15=0,0,ROUNDUP(H15/Z15,0)+1) -> 0 | AB15: =IF(C15="Circular",PI()*(D15-2*Parametros!$C$5)+Parametros!$C$9*Parametros!$C$8*Y15/1000,2*((D15-2*Parametros!$C$5)+(E15-2*Parametros!$C$5))+Parametros!$C$9*Parametros!$C$8*Y15/1000) -> 1.72 | AC15: =AA15*AB15*0.00617*Y15^2*(1+Parametros!$C$13) -> 0 | AD15: =Q15+X15 -> 12.912576 | AE15: =AD15+AC15 -> 12.912576 | AF15: =G15*H15 -> 0
A16: P9 | B16: Fundacao -> Piso 0 | C16: Retangular | D16: 1.3 | E16: 0.2 | F16: =IF(C16="Circular",PI()*(D16/2)^2,D16*E16) -> 0.26 | G16: =IF(C16="Circular",PI()*D16,2*(D16+E16)) -> 3 | H16: 0 | I16: C30/37 XC2(P) | J16: =F16*H16*(1+Parametros!$C$12) -> 0 | K16: 16 | L16: 16 | M16: =IF(K16=0,0,Parametros!$C$7*L16/1000) -> 0.8 | N16: =H16+M16 -> 0.8 | O16: =K16*N16 -> 12.8 | P16: =0.00617*L16^2 -> 1.57952 | Q16: =K16*N16*P16*(1+Parametros!$C$13) -> 20.217856 | R16: 14 | S16: 10 | T16: =IF(R16=0,0,Parametros!$C$7*S16/1000) -> 0.5 | U16: =H16+T16 -> 0.5 | V16: =R16*U16 -> 7 | W16: =IF(S16=0,0,0.00617*S16^2) -> 0.617 | X16: =R16*U16*W16*(1+Parametros!$C$13) -> 4.319 | Y16: 8 | Z16: 0.2 | AA16: =IF(H16=0,0,ROUNDUP(H16/Z16,0)+1) -> 0 | AB16: =IF(C16="Circular",PI()*(D16-2*Parametros!$C$5)+Parametros!$C$9*Parametros!$C$8*Y16/1000,2*((D16-2*Parametros!$C$5)+(E16-2*Parametros!$C$5))+Parametros!$C$9*Parametros!$C$8*Y16/1000) -> 2.92 | AC16: =AA16*AB16*0.00617*Y16^2*(1+Parametros!$C$13) -> 0 | AD16: =Q16+X16 -> 24.536856 | AE16: =AD16+AC16 -> 24.536856 | AF16: =G16*H16 -> 0
A17: P10 | B17: Fundacao -> Piso 0 | C17: Retangular | D17: 1 | E17: 0.2 | F17: =IF(C17="Circular",PI()*(D17/2)^2,D17*E17) -> 0.2 | G17: =IF(C17="Circular",PI()*D17,2*(D17+E17)) -> 2.4 | H17: 0 | I17: C30/37 XC2(P) | J17: =F17*H17*(1+Parametros!$C$12) -> 0 | K17: 24 | L17: 16 | M17: =IF(K17=0,0,Parametros!$C$7*L17/1000) -> 0.8 | N17: =H17+M17 -> 0.8 | O17: =K17*N17 -> 19.2 | P17: =0.00617*L17^2 -> 1.57952 | Q17: =K17*N17*P17*(1+Parametros!$C$13) -> 30.326784 | R17: 0 | S17: 0 | T17: =IF(R17=0,0,Parametros!$C$7*S17/1000) -> 0 | U17: =H17+T17 -> 0 | V17: =R17*U17 -> 0 | W17: =IF(S17=0,0,0.00617*S17^2) -> 0 | X17: =R17*U17*W17*(1+Parametros!$C$13) -> 0 | Y17: 8 | Z17: 0.2 | AA17: =IF(H17=0,0,ROUNDUP(H17/Z17,0)+1) -> 0 | AB17: =IF(C17="Circular",PI()*(D17-2*Parametros!$C$5)+Parametros!$C$9*Parametros!$C$8*Y17/1000,2*((D17-2*Parametros!$C$5)+(E17-2*Parametros!$C$5))+Parametros!$C$9*Parametros!$C$8*Y17/1000) -> 2.32 | AC17: =AA17*AB17*0.00617*Y17^2*(1+Parametros!$C$13) -> 0 | AD17: =Q17+X17 -> 30.326784 | AE17: =AD17+AC17 -> 30.326784 | AF17: =G17*H17 -> 0
A18: P11 | B18: Fundacao -> Piso 0 | C18: Retangular | D18: 0.8 | E18: 0.2 | F18: =IF(C18="Circular",PI()*(D18/2)^2,D18*E18) -> 0.16 | G18: =IF(C18="Circular",PI()*D18,2*(D18+E18)) -> 2 | H18: 0 | I18: C30/37 XC2(P) | J18: =F18*H18*(1+Parametros!$C$12) -> 0 | K18: 8 | L18: 16 | M18: =IF(K18=0,0,Parametros!$C$7*L18/1000) -> 0.8 | N18: =H18+M18 -> 0.8 | O18: =K18*N18 -> 6.4 | P18: =0.00617*L18^2 -> 1.57952 | Q18: =K18*N18*P18*(1+Parametros!$C$13) -> 10.108928 | R18: 12 | S18: 12 | T18: =IF(R18=0,0,Parametros!$C$7*S18/1000) -> 0.6 | U18: =H18+T18 -> 0.6 | V18: =R18*U18 -> 7.2 | W18: =IF(S18=0,0,0.00617*S18^2) -> 0.88848 | X18: =R18*U18*W18*(1+Parametros!$C$13) -> 6.397056 | Y18: 8 | Z18: 0.2 | AA18: =IF(H18=0,0,ROUNDUP(H18/Z18,0)+1) -> 0 | AB18: =IF(C18="Circular",PI()*(D18-2*Parametros!$C$5)+Parametros!$C$9*Parametros!$C$8*Y18/1000,2*((D18-2*Parametros!$C$5)+(E18-2*Parametros!$C$5))+Parametros!$C$9*Parametros!$C$8*Y18/1000) -> 1.92 | AC18: =AA18*AB18*0.00617*Y18^2*(1+Parametros!$C$13) -> 0 | AD18: =Q18+X18 -> 16.505984 | AE18: =AD18+AC18 -> 16.505984 | AF18: =G18*H18 -> 0
B19: TOTAL GERAL | J19: =SUM(J6:J18) -> 0 | Q19: =SUM(Q6:Q18) -> 194.91277 | X19: =SUM(X6:X18) -> 41.082328 | AC19: =SUM(AC6:AC18) -> 0 | AD19: =SUM(AD6:AD18) -> 235.9951 | AE19: =SUM(AE6:AE18) -> 235.9951 | AF19: =SUM(AF6:AF18) -> 0
A21: Notas: (1) Alturas dos trocos (coluna H, fundo amarelo) nao constam no desenho fonte - devem ser confirmadas no projeto de arquitetura/cortes e inseridas manualmente. (2) Comprimentos de varoes incluem transpasse de 50xØ (parametrizavel na folha 'Parametros'). (3) Cintas: comprimento = perimetro interior (desconta recobrimento de 3 cm) + 2 ganchos de 10xØ. (4) Cofragem considerada apenas nas faces laterais do pilar (perimetro x altura), sem topo/fundo. (5) Classe de betao conforme notas do desenho: elementos de fundacao C30/37 XC2(P); pilares em elevacao C30/37 XC1(P).

Sheet Parametros
B2: PARAMETROS DE CALCULO
B4: Parametro | C4: Valor | D4: Observacao
B5: Recobrimento vigas e pilares (m) | C5: 0.03 | D5: Fonte: notas do desenho L-337/21-05 (FERCA)
B6: Recobrimento em faces em contacto com o solo (m) | C6: 0.05 | D6: Fonte: notas do desenho L-337/21-05 (FERCA)
B7: Comprimento de amarracao / transpasse (x diametro) | C7: 50 | D7: Assuncao usual EC2 para armadura longitudinal comprimida/traccionada. Ajustar conforme calculo estrutural.
B8: Comprimento de gancho de cinta (x diametro, por gancho) | C8: 10 | D8: Assuncao usual para ganchos a 135 graus.
B9: Numero de ganchos por cinta | C9: 2
B10: Massa volumica do aco (kg/m3) | C10: 7850 | D10: Valor normativo
B11: Formula peso linear do aco (kg/m) | C11: 0.03 | D11: Formula classica: (pi/4) x d^2 x 7850 kg/m3, com d em mm e resultado em kg/m
B12: Perda / desperdicio de betao (%) | C12: 0 | D12: Ajustar conforme pratica de obra (tipicamente 2 a 5%)
B13: Perda / desperdicio de aco (%) | C13: 0 | D13: Ajustar conforme pratica de obra (tipicamente 5 a 10%)
B16: LEGENDA DE CORES (usada na folha 'Mapa de Pilares')
C17: Celula de entrada (editar)
C18: Armadura longitudinal - Grupo 1
C19: Armadura longitudinal - Grupo 2
C20: Cintas / estribos
C21: Totais
B23: IMPORTANTE
B24: O desenho 'Mapa de Pilares' (Ferca, proc. L-337/21, des. 05) nao indica os pes-direitos / alturas de cada troco. As alturas devem ser confirmadas no projeto de arquitetura e nos cortes, e inseridas na coluna 'Altura do Troco' da folha 'Mapa de Pilares' (celulas amarelas). Enquanto nao forem preenchidas, os volumes e pesos aparecem a zero.
